formula,MASS_MEAN,MASS_STD,MASS_MIN,ATOMIC_RADII_MEAN,ATOMIC_RADII_STD,ATOMIC_RADII_MAX,ELECTRON_NEG_MEAN,ELECTRON_NEG_MIN,IONIZATION_ENERGIES_MEAN,IONIZATION_ENERGIES_STD,IONIZATION_ENERGIES_MIN,ELECTRON_AFFINITIES_MEAN,ELECTRON_AFFINITIES_STD,ELECTRON_AFFINITIES_MIN,IONIC_RADII_MEAN,IONIC_RADII_STD,IONIC_RADII_MIN,VALENCE_MEAN,VALENCE_STD,VALENCE_MIN,VALENCE_MODE,SHELL_STD,SHELL_MAX,SHELL_MODE,S_E_MEAN,S_E_STD,S_E_MAX,P_E_MEAN,P_E_MIN,BLOCK_MEAN,BLOCK_STD,BLOCK_MAX,S_UNFILLED_MEAN,S_UNFILLED_STD,S_UNFILLED_MODE,P_UNFILLED_MEAN,P_UNFILLED_STD,P_UNFILLED_MIN,P_UNFILLED_MODE,D_UNFILLED_MEAN,D_UNFILLED_STD,D_UNFILLED_MIN,D_UNFILLED_MODE,MAX_OXIDATION_STATE_MEAN,MAX_OXIDATION_STATE_STD,MAX_OXIDATION_STATE_MAX,MAX_OXIDATION_STATE_MIN,MELTING_POINT_MEAN,MELTING_POINT_STD,MELTING_POINT_MAX,MENDELEEV_NO_MEAN,MENDELEEV_NO_MAX,MENDELEEV_NO_MODE,MOLAR_VOLUME_MIN,MOLAR_VOLUME_MODE,BOILING_POINT_RANGE,ELEMENT_NUM,L2_NORM,N_ATOMS,SPACE_GROUP,GAMMA,A,C,VOLUME_PER_ATOM,DENSITY,DISTANCE_STD,DISTANCE_MAX,ees_kappa,B
Ag2Bi2Ca2_186.vasp,118.97553,69.39997,40.078,1.6666666,0.09428087,1.8,1.65,1.0,16.686373,3.924378,11.871719,0.7571287,0.53869206,0.024551,1.0872222,0.042867877,1.035,2.0,0.8164966,1.0,1.0,0.8164966,6.0,4.0,1.6666666,0.47140452,2.0,1.0,0.0,1.0,0.8164966,2.0,0.33333334,0.47140452,0.0,1.0,1.4142135,0.0,0.0,0.0,0.0,0.0,0.0,3.3333333,1.2472192,5.0,2.0,964.7767,301.2565,1234.93,58.0,87.0,16.0,10.27,10.27,678.0,3.0,0.57735026,6.0,186.0,120.0,4.853583,7.859049,26.722317,7.3932033,0.113601565,3.1531143,5.819810906345936,48.511
Ag2Cl6K2_161.vasp,50.6651,28.636375,35.453,1.36,0.48000005,2.2,2.4459999,0.82,24.910065,3.4765494,21.4844,2.5288215,1.3515745,0.5014591,0.9893333,0.29070336,0.78,3.4,1.9595919,1.0,5.0,0.8,5.0,3.0,1.6,0.48989797,2.0,3.0,0.0,1.0,0.6324555,2.0,0.4,0.489898,0.0,0.6,0.48989797,0.0,1.0,0.0,0.0,0.0,0.0,5.0,2.529822,7.0,1.0,417.25204,413.799,1234.93,75.6,99.0,99.0,10.27,17.39,2195.89,3.0,0.66332495,10.0,161.0,61.042576,7.071672,7.071672,25.593481,3.287219,0.2977434,3.28183,5.352088347457014,38.613
Ag2In2S4_122.vasp,71.70405,39.715134,32.065,1.2875,0.28804296,1.6,2.2175,1.78,21.757643,1.8306463,18.87041,1.4606521,0.69709367,0.383926,0.94666666,0.08445908,0.88,2.5,1.5,1.0,1.0,1.0,5.0,3.0,1.75,0.4330127,2.0,2.25,0.0,1.25,0.4330127,2.0,0.25,0.4330127,0.0,2.25,1.7853571,0.0,2.0,0.0,0.0,0.0,0.0,4.5,1.5,6.0,3.0,610.35,360.99713,1234.93,84.5,94.0,94.0,10.27,15.53,1717.13,3.0,0.61237246,8.0,122.0,89.999985,5.8739104,7.05094,24.573547,4.8453474,0.03336532,2.5574067,9.253646385352958,62.339
Ag4Mg2_63.vasp,80.0138,39.39207,24.305,1.5666666,0.047140464,1.6,1.7233334,1.31,19.334688,3.040149,15.035271,0.72964865,0.81292444,-0.42,1.0111111,0.1068517,0.86,1.3333334,0.47140452,1.0,1.0,0.942809,5.0,5.0,1.3333334,0.47140452,2.0,0.0,0.0,1.3333334,0.942809,2.0,0.6666667,0.4714045,1.0,0.0,0.0,0.0,0.0,0.0,0.0,0.0,0.0,2.6666667,0.4714045,3.0,2.0,1130.9535,147.04524,1234.93,71.666664,73.0,71.0,10.27,10.27,1072.0,2.0,0.74535596,6.0,63.0,121.72797,5.0963364,4.795129,17.654985,7.5256953,2.3075551e-15,2.8422205,11.251921076873892,83.383
Ag5Mg_189.vasp,93.941,31.142166,24.305,1.5833334,0.037267808,1.6,1.8266667,1.31,20.409544,2.4034486,15.035271,1.0170609,0.6426732,-0.42,1.0488888,0.08447369,0.86,1.1666666,0.372678,1.0,1.0,0.74535596,5.0,5.0,1.1666666,0.372678,2.0,0.0,0.0,1.6666666,0.745356,2.0,0.8333333,0.372678,1.0,0.0,0.0,0.0,0.0,0.0,0.0,0.0,0.0,2.8333333,0.37267798,3.0,2.0,1182.9418,116.249466,1234.93,71.333336,73.0,71.0,10.27,10.27,1072.0,2.0,0.8498366,6.0,189.0,90.0,5.0310607,5.0310616,17.433422,8.94791,6.243445e-05,2.9046812,12.408654170387685,94.873
Ag6Ga2_194.vasp,98.3319,16.517357,69.723,1.5250001,0.12990384,1.6,1.8999999,1.81,21.242085,0.41970155,20.51514,1.053655,0.4344295,0.3012011,1.005,0.14145084,0.76,1.0,0.0,1.0,1.0,0.4330127,5.0,5.0,1.25,0.4330127,2.0,0.25,0.0,1.75,0.4330127,2.0,0.75,0.4330127,1.0,1.25,2.1650636,0.0,0.0,0.0,0.0,0.0,0.0,3.0,0.0,3.0,3.0,1001.92505,403.5765,1234.93,73.5,81.0,71.0,10.27,10.27,42.0,2.0,0.7905694,8.0,194.0,119.99999,5.7863836,4.67428,16.942202,9.637706,6.910457e-08,2.8655734,11.78489058201248,100.392
AgBr6Rb2Ta_225.vasp,93.917564,30.149582,79.904,1.4649999,0.46693146,2.35,2.2829998,0.82,22.180948,3.0089958,16.2,2.2780957,1.3514234,0.32312,1.0521666,0.3109236,0.82,3.6,1.8000001,1.0,5.0,0.67082036,6.0,4.0,1.7,0.45825756,2.0,3.0,0.0,1.0,0.6324555,2.0,0.3,0.45825756,0.0,0.6,0.48989797,0.0,1.0,0.7,2.1000001,0.0,0.0,5.2,2.4413111,7.0,1.0,674.46497,917.56647,3290.0,72.9,98.0,98.0,10.27,19.78,5399.0,4.0,0.6480741,10.0,225.0,60.0,7.7793627,7.7793627,33.29025,4.684669,0.4935734,3.8912318,3.1237244848817065,28.56
AgCu4Zr_216.vasp,75.54603,17.637669,63.546,1.4250001,0.10704359,1.6,1.8100001,1.33,19.297327,2.7922456,13.13,1.1134831,0.3052243,0.433289,0.8711111,0.097499624,0.82,1.1666666,0.372678,1.0,1.0,0.47140452,5.0,4.0,1.1666666,0.372678,2.0,0.0,0.0,2.0,0.0,2.0,0.8333333,0.372678,1.0,0.0,0.0,0.0,0.0,1.3333334,2.981424,0.0,0.0,3.8333333,0.37267798,4.0,3.0,1465.6683,299.58072,2128.0,68.0,72.0,72.0,7.11,7.11,2247.0,3.0,0.70710677,6.0,216.0,60.0,4.9000387,4.9000387,13.865397,9.047497,0.20398438,2.873956,23.612129978935023,154.826
AgCuGa2Se4_82.vasp,78.337524,12.454016,63.546,1.26875,0.1477699,1.6,2.20625,1.81,20.948883,0.40900654,20.29239,1.4031347,0.7063402,0.3012011,0.935,0.12350214,0.76,2.5,1.5,1.0,1.0,0.3307189,5.0,4.0,1.75,0.4330127,2.0,2.25,0.0,1.25,0.4330127,2.0,0.25,0.4330127,0.0,2.25,1.7853571,0.0,2.0,0.0,0.0,0.0,0.0,4.625,1.4086784,6.0,3.0,646.81506,384.26672,1357.77,84.625,93.0,93.0,7.11,16.42,2242.0,4.0,0.586302,8.0,82.0,72.56911,6.977278,6.977278,23.97311,5.4261847,0.059878983,2.633666,7.807905574792,57.92
AgF6Rb2Ru_225.vasp,49.38642,37.730137,18.998404,1.0600001,0.745587,2.35,2.965,0.82,30.264837,6.4035816,16.76,2.3729827,1.2793311,0.4859162,0.92976665,0.38294318,0.661,3.3,2.1,0.0,5.0,1.4696939,5.0,2.0,1.6,0.48989797,2.0,3.0,0.0,1.0,0.6324555,2.0,0.4,0.489898,0.0,0.6,0.48989797,0.0,1.0,0.3,0.90000004,0.0,0.0,0.7,2.758623,8.0,-1.0,478.80298,790.0274,2607.0,76.3,102.0,102.0,8.17,11.2,4337.97,4.0,0.6480741,10.0,225.0,60.0,6.2941723,6.2941723,17.631973,4.6511006,0.44278663,3.1528523,7.755895582886661,60.566
AgI6Rb2Tl_225.vasp,124.46138,31.208426,85.4678,1.6599998,0.37669614,2.35,2.115,0.82,21.127934,3.1696615,19.13126,2.0950673,1.2054068,0.3200532,1.3379166,0.17194687,1.0866667,3.4,1.9595919,1.0,5.0,0.3,6.0,5.0,1.7,0.45825756,2.0,3.1,0.0,0.9,0.53851646,2.0,0.3,0.45825756,0.0,1.1,1.3747728,0.0,1.0,0.0,0.0,0.0,0.0,5.0,2.529822,7.0,1.0,475.795,262.17404,1234.93,74.9,97.0,97.0,10.27,25.72,1977.6,4.0,0.6480741,10.0,225.0,60.0,8.53966,8.53966,44.035896,4.6932845,0.5220387,4.270355,1.6261055574483732,17.111
Al2Cu2S4_122.vasp,38.664383,14.51454,26.981539,1.15,0.15411036,1.35,2.1675,1.61,21.449175,1.9583303,18.82855,1.4557071,0.6831733,0.432835,0.81375,0.08376864,0.675,2.5,1.5,1.0,1.0,0.4330127,4.0,3.0,1.75,0.4330127,2.0,2.25,0.0,1.25,0.4330127,2.0,0.25,0.4330127,0.0,2.25,1.7853571,0.0,2.0,0.0,0.0,0.0,0.0,4.75,1.299038,6.0,3.0,766.99,407.26465,1357.77,85.0,94.0,94.0,7.11,15.53,2482.13,3.0,0.61237246,8.0,122.0,90.0,5.286816,6.4358845,18.303457,3.5077372,0.019062856,2.3045764,17.551812068644388,91.852
Al3Sc_221.vasp,31.475132,7.783133,26.981539,1.3375,0.15155447,1.6,1.5475,1.36,17.321356,2.6105382,12.79977,0.37167624,0.10593007,0.1882,0.72749996,0.09093266,0.675,1.0,0.0,1.0,1.0,0.4330127,4.0,3.0,2.0,0.0,2.0,0.75,0.0,1.25,0.4330127,2.0,0.0,0.0,0.0,3.75,2.1650636,0.0,5.0,2.25,3.8971143,0.0,0.0,3.0,0.0,3.0,3.0,1153.6025,381.2807,1814.0,64.75,80.0,80.0,10.0,10.0,311.0,2.0,0.7905694,4.0,221.0,90.0,4.0878067,4.0878067,17.076979,3.0605934,0.0,2.8905158,22.568586596433654,91.25
AlAu2Sc_225.vasp,116.46765,80.749374,26.981539,1.3874999,0.12930101,1.6,2.0125,1.36,18.00858,3.0592074,12.79977,1.3095639,1.0027833,0.1882,0.9250001,0.16290337,0.675,1.0,0.0,1.0,1.0,1.299038,6.0,6.0,1.5,0.5,2.0,0.25,0.0,1.75,0.4330127,2.0,0.5,0.5,0.0,1.25,2.1650636,0.0,0.0,2.25,3.8971143,0.0,0.0,4.0,1.0,5.0,3.0,1355.5325,311.84607,1814.0,59.75,80.0,70.0,10.0,10.21,337.0,3.0,0.61237246,4.0,225.0,60.0,4.631599,4.6315975,17.563766,11.011252,2.220446e-16,2.8362627,19.5488749644044,127.109
AlCrTi2_123.vasp,43.67791,9.785934,26.981539,1.3625001,0.0649519,1.4,1.5875,1.54,15.616464,2.2025664,13.5755,0.31494156,0.25434664,0.075545,0.82958335,0.09625901,0.675,1.25,0.8291562,0.0,2.0,0.4330127,4.0,4.0,1.75,0.4330127,2.0,0.25,0.0,1.75,0.4330127,2.0,0.25,0.4330127,0.0,1.25,2.1650636,0.0,0.0,5.25,3.269174,0.0,8.0,4.25,1.0897248,6.0,3.0,1748.8674,480.77493,2180.0,59.75,80.0,51.0,7.23,10.64,768.0,3.0,0.61237246,4.0,123.0,90.0,3.1253781,6.1307592,14.971295,4.844529,0.077989265,2.7826462,33.38573328228758,143.021
AlCuInO4_160.vasp,38.477596,35.070377,15.9994,0.93571424,0.39615497,1.55,2.7214286,1.61,28.353693,7.8270392,18.82855,1.1281381,0.46172884,0.383926,1.0678571,0.23292942,0.675,2.7142856,1.484615,1.0,4.0,1.1248583,5.0,2.0,1.8571428,0.3499271,2.0,2.5714285,0.0,1.1428572,0.3499271,2.0,0.14285715,0.3499271,0.0,2.5714285,1.6781914,0.0,2.0,0.0,0.0,0.0,0.0,2.5714285,0.7284313,4.0,2.0,420.02716,489.4083,1357.77,90.71429,101.0,101.0,7.11,17.36,3109.8,4.0,0.62269986,7.0,160.0,22.681301,8.519124,8.519124,11.522181,5.5452647,0.11337401,2.1880174,29.90564281345917,165.178
AlCuNi6_123.vasp,55.33599,10.834046,26.981539,1.3375001,0.033071898,1.35,1.8712499,1.61,18.516747,0.7050154,18.168839,1.0764483,0.24462049,0.432835,0.741875,0.036395177,0.675,6.25,3.0310888,1.0,8.0,0.3307189,4.0,4.0,1.875,0.3307189,2.0,0.125,0.0,1.875,0.3307189,2.0,0.125,0.3307189,0.0,0.625,1.6535946,0.0,0.0,1.5,0.8660254,0.0,2.0,3.875,0.3307189,4.0,3.0,1582.405,273.57928,1728.0,69.25,80.0,67.0,6.59,6.59,408.0,3.0,0.77055174,8.0,123.0,90.0,3.542761,7.091288,11.125483,8.259199,0.00086104305,2.5051103,28.09085546306322,187.918
AlF6InRb2_225.vasp,42.672558,35.32256,18.998404,1.05,0.7406078,2.35,2.891,0.82,30.21029,6.412283,18.82855,2.2195733,1.4474279,0.383926,0.9165,0.37853038,0.675,3.4,1.9595919,1.0,5.0,1.3416407,5.0,2.0,1.8,0.4,2.0,3.2,0.0,0.8,0.4,1.0,0.2,0.4,0.0,1.6,1.7435597,0.0,1.0,0.0,0.0,0.0,0.0,0.2,1.6,3.0,-1.0,230.93198,271.14764,933.47,78.9,102.0,102.0,10.0,11.2,2706.97,4.0,0.6480741,10.0,225.0,60.0,6.3580694,6.3580694,18.17443,3.8988538,0.5573258,3.2045228,6.738916916224082,51.246
AlGeNi_216.vasp,52.77165,19.104523,26.981539,1.2833333,0.047140464,1.35,1.8433332,1.61,17.644,1.2383629,15.93461,0.94089085,0.3605701,0.432835,0.7283333,0.03965125,0.675,3.6666667,3.091206,1.0,1.0,0.4714045,4.0,4.0,2.0,0.0,2.0,1.0,0.0,1.3333334,0.4714045,2.0,0.0,0.0,0.0,3.0,2.1602468,0.0,0.0,0.6666667,0.942809,0.0,0.0,3.6666667,0.4714045,4.0,3.0,1290.9567,329.20758,1728.0,77.0,84.0,67.0,6.59,6.59,394.0,3.0,0.57735026,3.0,216.0,60.0,3.990809,3.990809,14.981197,5.849291,0.0,2.4438612,26.04929983423592,121.213
AlMgY2_225.vasp,57.27456,31.645443,24.305,1.5875,0.23014939,1.8,1.34,1.22,14.577755,2.7093666,12.2236,0.15676875,0.33692944,-0.42,0.90375,0.1511363,0.675,1.25,0.4330127,1.0,1.0,1.0,5.0,3.0,2.0,0.0,2.0,0.25,0.0,1.25,0.8291562,2.0,0.0,0.0,0.0,1.25,2.1650636,0.0,0.0,4.5,4.5,0.0,0.0,2.75,0.4330127,3.0,2.0,1363.6174,435.39822,1799.0,50.75,80.0,25.0,10.0,19.88,2246.0,3.0,0.61237246,4.0,225.0,59.999542,5.20547,5.20547,24.934483,3.814262,3.3364643e-06,3.1876686,10.810123883131872,55.103
As2Te2Ti2_71.vasp,83.46287,33.10642,47.867,1.3166667,0.11785113,1.4,1.94,1.54,16.921568,2.3660305,13.5755,0.9504135,0.78058434,0.075545,0.93499994,0.26518685,0.66,3.0,0.8164966,2.0,2.0,0.4714045,5.0,4.0,2.0,0.0,2.0,2.3333333,0.0,1.3333334,0.47140452,2.0,0.0,0.0,0.0,1.6666666,1.2472191,0.0,0.0,2.6666667,3.7712362,0.0,0.0,5.0,0.8164966,6.0,4.0,1251.2201,510.2823,1941.0,77.333336,92.0,51.0,10.64,10.64,2673.0,3.0,0.57735026,6.0,71.0,89.98288,5.272373,7.1794467,20.308918,6.824261,0.10200113,2.8462696,14.786260443606173,94.533
As3Hf3Pd3_189.vasp,119.94388,43.349545,74.9216,1.3666666,0.16499157,1.55,1.8933334,1.3,17.543068,2.1022046,14.61,0.5150104,0.25803083,0.17807,0.78541666,0.08869618,0.66,5.0,3.5590262,2.0,2.0,0.8164966,6.0,4.0,1.3333334,0.94280905,2.0,1.0,0.0,1.6666666,0.47140452,2.0,0.0,0.0,0.0,1.0,1.4142135,0.0,0.0,2.6666667,3.7712362,0.0,0.0,4.3333335,0.47140452,5.0,4.0,1808.0166,578.25305,2506.0,69.333336,89.0,50.0,8.56,8.56,3989.0,3.0,0.57735026,9.0,189.0,120.00001,6.7400365,3.961723,17.317959,11.500863,0.09970875,2.726675,18.620369135452684,148.943
As4Fe2_58.vasp,68.56274,8.992795,55.845,1.2333333,0.11785112,1.4,2.0633335,1.83,17.792536,1.126652,16.19921,0.58762544,0.30715948,0.15323634,0.7241667,0.090745375,0.66,4.0,1.4142135,3.0,3.0,0.0,4.0,4.0,2.0,0.0,2.0,2.0,0.0,1.3333334,0.47140452,2.0,0.0,0.0,0.0,2.0,1.4142135,0.0,3.0,1.3333334,1.8856181,0.0,0.0,5.3333335,0.4714045,6.0,5.0,1330.3334,339.88266,1811.0,79.666664,89.0,89.0,7.09,12.95,2247.0,2.0,0.74535596,6.0,58.0,90.0,5.246098,5.9602175,14.976695,7.601884,3.1401849000000005e-16,2.3569357,26.555221334696213,155.573
As6W4_12.vasp,118.48895,53.3589,74.9216,1.2300001,0.09797961,1.35,2.252,2.18,17.701519,1.0871806,16.37,0.80939925,0.0056083645,0.80482,0.70266664,0.05225576,0.66,3.4,0.48989797,3.0,3.0,0.97979593,6.0,4.0,2.0,0.0,2.0,1.8,0.0,1.4,0.48989797,2.0,0.0,0.0,0.0,1.8,1.4696939,0.0,3.0,2.4,2.9393878,0.0,0.0,5.4,0.48989797,6.0,5.0,2132.0,1276.1842,3695.0,75.4,89.0,89.0,9.47,12.95,4941.0,2.0,0.7211103,10.0,12.0,75.97315,6.8677316,8.152302,17.50487,11.2400465,0.013155386,2.5256672,24.20023404199063,180.317
AsCs2F6Rb_225.vasp,54.019073,46.07683,18.998404,1.17,0.90421236,2.6,2.846,0.79,30.201849,6.1566243,18.5892,2.2641134,1.3955346,0.47163025,1.017,0.48812494,0.66,3.6,1.8000001,1.0,5.0,1.6763055,6.0,2.0,1.7,0.45825756,2.0,3.3,0.0,0.7,0.45825756,1.0,0.3,0.45825756,0.0,0.9,0.83066237,0.0,1.0,0.0,0.0,0.0,0.0,0.2,1.8330302,5.0,-1.0,232.68198,307.15274,1090.0,72.6,102.0,102.0,11.2,11.2,875.97,4.0,0.6480741,10.0,225.0,60.0,6.7811203,6.7811203,22.04902,4.068243,0.53176,3.4052386,5.085562683026109,41.21
AsGa_216.vasp,72.322296,2.5993004,69.723,1.2249999,0.07499999,1.3,1.995,1.81,19.55217,0.96297073,18.5892,0.5530106,0.25180945,0.3012011,0.71000004,0.049999982,0.66,2.0,1.0,1.0,1.0,0.0,4.0,4.0,2.0,0.0,2.0,2.0,1.0,1.0,0.0,1.0,0.0,0.0,0.0,4.0,1.0,3.0,3.0,0.0,0.0,0.0,0.0,4.0,1.0,5.0,3.0,696.455,393.54498,1090.0,85.0,89.0,81.0,11.8,11.8,1590.0,2.0,0.70710677,2.0,216.0,59.999992,4.065993,4.065993,23.76593,5.0532002,0.0,2.4899018,13.17925732776637,60.652
AsI6K3_225.vasp,95.364334,39.85497,39.0983,1.615,0.38990387,2.2,2.06,0.82,22.825176,5.7630224,18.5892,2.0663514,1.2186409,0.5014591,1.286,0.23603106,0.66,3.6,1.8000001,1.0,5.0,0.48989797,5.0,5.0,1.7,0.45825756,2.0,3.3,0.0,0.7,0.45825756,1.0,0.3,0.45825756,0.0,0.9,0.83066237,0.0,1.0,0.0,0.0,0.0,0.0,5.0,2.6832814,7.0,1.0,442.06903,217.14622,1090.0,70.1,97.0,97.0,12.95,25.72,574.6,3.0,0.678233,10.0,225.0,60.0,8.796451,8.796451,48.129066,3.2902405,0.60649866,4.4047384,1.5551780280772047,14.372
AsNiY_187.vasp,74.17362,12.345517,58.6934,1.4333334,0.27182508,1.8,1.7700001,1.22,16.327211,2.9067624,12.2236,0.756367,0.34871504,0.30712,0.81333333,0.16357122,0.66,4.0,2.9439204,1.0,1.0,0.47140452,5.0,4.0,2.0,0.0,2.0,1.0,0.0,1.6666666,0.4714045,2.0,0.0,0.0,0.0,1.0,1.4142135,0.0,0.0,3.6666667,3.8586123,0.0,0.0,4.0,0.8164966,5.0,3.0,1539.0,318.81134,1799.0,60.333332,89.0,25.0,6.59,6.59,2722.0,3.0,0.57735026,3.0,187.0,119.99999,4.0086083,3.9361165,18.25848,6.7458076,0.34113175,3.0380185,23.487128312933105,113.749
AsPRh4_166.vasp,86.2529,26.750134,30.973763,1.2583333,0.13667683,1.35,2.2483332,2.18,18.44645,0.6202087,18.08,1.0204991,0.1739034,0.7466071,0.6983333,0.07323857,0.55,1.0,1.4142135,0.0,0.0,0.7637626,5.0,5.0,1.3333334,0.47140452,2.0,1.0,0.0,1.6666666,0.47140452,2.0,0.6666667,0.4714045,1.0,1.0,1.4142135,0.0,0.0,1.3333334,0.942809,0.0,2.0,5.6666665,0.4714045,6.0,5.0,1725.8833,756.46277,2237.0,73.166664,90.0,65.0,8.28,8.28,3418.0,3.0,0.70710677,6.0,166.0,33.49186,6.8724556,6.8724556,14.671462,9.762238,0.031077141,2.4482217,40.86498839412999,227.779
Au2I6Rb2_12.vasp,132.62955,35.949444,85.4678,1.5799999,0.3854867,2.35,2.2680001,0.82,20.977262,3.1833158,19.13126,2.3943367,0.99749273,0.4859162,1.3100001,0.19190273,1.07,3.4,1.9595919,1.0,5.0,0.4,6.0,5.0,1.6,0.48989797,2.0,3.0,0.0,1.0,0.6324555,2.0,0.4,0.489898,0.0,0.6,0.48989797,0.0,1.0,0.0,0.0,0.0,0.0,5.4,2.3323808,7.0,1.0,562.068,388.70023,1337.33,74.0,97.0,97.0,10.21,25.72,2671.6,3.0,0.66332495,10.0,12.0,60.682495,7.9126477,8.795059,42.104637,5.2306957,0.4450581,3.7555425,2.605781098256525,25.07
Au2Li2Sn2_194.vasp,107.539185,77.978714,6.941,1.4166666,0.047140464,1.45,1.8266667,0.98,36.82539,27.54018,14.63307,1.3462433,0.70975435,0.6180492,0.93333334,0.10077481,0.83,1.3333334,0.47140452,1.0,1.0,1.6996732,6.0,2.0,1.3333334,0.47140452,2.0,0.6666667,0.0,1.0,0.8164966,2.0,0.6666667,0.4714045,1.0,1.3333334,1.8856181,0.0,0.0,0.0,0.0,0.0,0.0,3.3333333,1.6996732,5.0,1.0,765.36664,404.98294,1337.33,55.0,83.0,12.0,10.21,10.21,1514.0,3.0,0.57735026,6.0,194.0,119.99999,4.701355,6.056375,19.321383,9.2422495,0.14795592,3.0281875,8.037029569779145,69.739
Au2LiZr_225.vasp,123.024536,79.72062,6.941,1.425,0.0829156,1.55,1.8475,0.98,32.294025,25.191902,13.13,1.4171396,0.89386064,0.433289,0.975,0.096046895,0.86,1.25,0.4330127,1.0,1.0,1.6393596,6.0,6.0,1.25,0.4330127,2.0,0.0,0.0,1.5,0.8660254,2.0,0.75,0.4330127,1.0,0.0,0.0,0.0,0.0,2.0,3.4641016,0.0,0.0,3.75,1.6393596,5.0,1.0,1314.0875,592.4141,2128.0,50.25,70.0,70.0,10.21,10.21,3067.0,3.0,0.61237246,4.0,225.0,60.0,4.6499043,4.6499043,17.772848,11.494334,0.0,2.8474617,16.172770075146165,113.14
Au2MgZr_225.vasp,127.36554,73.5124,24.305,1.4375,0.08926783,1.55,1.93,1.31,17.142818,3.1334438,13.13,1.1576273,1.1898631,-0.42,0.96500003,0.10500002,0.86,1.5,0.5,1.0,1.0,1.2247449,6.0,6.0,1.5,0.5,2.0,0.0,0.0,1.5,0.8660254,2.0,0.5,0.5,0.0,0.0,0.0,0.0,0.0,2.0,3.4641016,0.0,0.0,4.0,1.2247449,5.0,2.0,1431.415,436.29703,2128.0,65.5,73.0,70.0,10.21,10.21,3319.0,3.0,0.61237246,4.0,225.0,60.0,4.732025,4.732025,18.731224,11.291063,5.3290705e-15,2.8977501,19.16705926772745,124.793
Au2SnY_225.vasp,150.38724,47.75635,88.90585,1.4875,0.18498307,1.8,2.065,1.22,16.815666,3.4928083,12.2236,1.5091026,0.8486492,0.30712,1.0025,0.10034318,0.83,1.25,0.4330127,1.0,1.0,0.5,6.0,5.0,1.5,0.5,2.0,0.5,0.0,1.75,0.4330127,2.0,0.5,0.5,0.0,1.0,1.7320508,0.0,0.0,2.25,3.8971143,0.0,0.0,4.25,0.8291562,5.0,3.0,1244.685,466.7566,1799.0,62.0,83.0,70.0,10.21,10.21,734.0,3.0,0.61237246,4.0,225.0,60.0,4.9462547,4.9462547,21.392149,11.673624,4.0386108e-06,3.028946,13.80100301057801,98.26
Au2Tl6_223.vasp,202.52911,3.2115395,196.96657,1.7625,0.23815696,1.9,1.8499999,1.62,20.371975,0.09755851,20.203,0.81719244,0.8610704,0.3200532,1.266875,0.113665804,1.07,1.0,0.0,1.0,1.0,0.0,6.0,6.0,1.75,0.4330127,2.0,0.75,0.0,1.25,0.4330127,2.0,0.25,0.4330127,0.0,3.75,2.1650636,0.0,5.0,0.0,0.0,0.0,0.0,3.5,0.8660254,5.0,3.0,767.0825,329.2325,1337.33,76.0,78.0,78.0,10.21,17.22,1383.0,2.0,0.7905694,8.0,223.0,90.0,6.08973,6.08973,28.22956,11.91331,0.1556237,3.4042625,2.335246036981398,31.813
Au3Ca_225.vasp,157.74443,67.934746,40.078,1.4625,0.19485569,1.8,2.155,1.0,18.120178,3.60755,11.871719,1.7375953,0.9890266,0.024551,1.0875001,0.03031086,1.07,1.25,0.4330127,1.0,1.0,0.8660254,6.0,6.0,1.25,0.4330127,2.0,0.0,0.0,1.5,0.8660254,2.0,0.75,0.4330127,1.0,0.0,0.0,0.0,0.0,0.0,0.0,0.0,0.0,4.25,1.299038,5.0,2.0,1281.7476,96.2717,1337.33,56.5,70.0,70.0,10.21,10.21,1372.0,2.0,0.7905694,4.0,225.0,60.0,4.853343,4.853343,20.209146,12.961496,0.0,2.9720535,10.416520276027994,85.109
Au3Tl_139.vasp,198.82074,3.2115397,196.96657,1.4875,0.23815697,1.9,2.31,1.62,20.259325,0.09755852,20.203,1.811471,0.8610704,0.3200532,1.1356251,0.113665804,1.07,1.0,0.0,1.0,1.0,0.0,6.0,6.0,1.25,0.4330127,2.0,0.25,0.0,1.75,0.4330127,2.0,0.75,0.4330127,1.0,1.25,2.1650636,0.0,0.0,0.0,0.0,0.0,0.0,4.5,0.8660254,5.0,3.0,1147.2474,329.23254,1337.33,72.0,78.0,70.0,10.21,10.21,1383.0,2.0,0.7905694,4.0,139.0,66.01373,5.459943,5.459943,20.252083,16.30201,0.0,2.9742467,9.089115705725296,83.827
Au4Na2_227.vasp,138.97429,82.01345,22.989769,1.5,0.212132,1.8,2.0033333,0.93,29.23079,12.767219,20.203,1.7217155,0.8299944,0.54792625,1.1,0.042426366,1.07,1.0,0.0,1.0,1.0,1.4142135,6.0,6.0,1.0,0.0,1.0,0.0,0.0,1.3333334,0.942809,2.0,1.0,0.0,1.0,0.0,0.0,0.0,0.0,0.0,0.0,0.0,0.0,3.6666667,1.885618,5.0,1.0,1015.1767,455.59363,1337.33,50.333332,70.0,70.0,10.21,10.21,1973.0,2.0,0.74535596,6.0,227.0,60.000004,5.545295,5.5452943,20.095905,11.483546,0.22559991,3.2512167,9.910970362913632,86.098
Au4P4Pb2_63.vasp,132.61612,83.07473,30.973763,1.3000001,0.2949576,1.8,2.3580003,2.19,18.995495,1.9909596,15.032499,1.293431,0.8410274,0.3567212,0.87250006,0.26401705,0.55,2.0,0.8944272,1.0,1.0,1.4696938,6.0,6.0,1.6,0.48989797,2.0,1.6,0.0,1.4,0.48989797,2.0,0.4,0.48989797,0.0,2.0,1.67332,0.0,0.0,0.0,0.0,0.0,0.0,4.8,0.4,5.0,4.0,781.974,465.09726,1337.33,80.4,90.0,70.0,10.21,10.21,2579.0,3.0,0.6,10.0,63.0,106.04458,5.9540443,11.225073,21.13989,10.417001,0.25090104,2.886366,9.635679967277406,90.105
AuBr3K_221.vasp,95.15537,53.3024,39.0983,1.4000001,0.407431,2.2,2.448,0.82,23.3202,4.1870527,20.203,2.5801668,1.1167827,0.5014591,1.0475,0.24715886,0.8825,3.4,1.9595917,1.0,5.0,0.8,6.0,4.0,1.6,0.48989794,2.0,3.0,0.0,1.0,0.6324555,2.0,0.4,0.48989797,0.0,0.6,0.48989794,0.0,1.0,0.0,0.0,0.0,0.0,5.4,2.3323808,7.0,1.0,494.252,422.42813,1337.33,74.8,98.0,98.0,10.21,19.78,2797.0,3.0,0.66332495,5.0,221.0,90.0,5.413378,5.413378,31.727442,4.9802065,0.4484589,3.8278363,4.17921579986201,31.352
AuBr6Cs2Rb_225.vasp,102.76692,37.58427,79.904,1.5799999,0.6193544,2.6,2.27,0.79,22.335344,1.8375788,20.203,2.3919318,1.2914973,0.47163025,1.1645,0.3955926,0.8825,3.4,1.9595919,1.0,5.0,0.90000004,6.0,4.0,1.6,0.48989797,2.0,3.0,0.0,0.8,0.6,2.0,0.4,0.489898,0.0,0.6,0.48989797,0.0,1.0,0.0,0.0,0.0,0.0,5.0,2.6832814,7.0,1.0,384.777,318.0189,1337.33,68.3,98.0,98.0,10.21,19.78,2797.0,4.0,0.6480741,10.0,225.0,60.0,8.400563,8.400563,41.918926,4.0709176,0.6120906,4.2109003,1.7176648003797197,17.043
AuBr6K2Sc_225.vasp,79.95431,42.7261,39.0983,1.425,0.41124812,2.2,2.33,0.82,22.579876,5.2038045,12.79977,2.368126,1.3292923,0.1882,1.0289999,0.25166494,0.8825,3.4,1.9595919,1.0,5.0,0.6,6.0,4.0,1.7,0.45825756,2.0,3.0,0.0,1.0,0.6324555,2.0,0.3,0.45825756,0.0,0.6,0.48989797,0.0,1.0,0.9,2.7,0.0,0.0,5.2,2.4413111,7.0,1.0,541.91895,528.4589,1814.0,69.7,98.0,98.0,10.21,19.78,2797.0,4.0,0.6480741,10.0,225.0,60.0,7.779057,7.779057,33.286327,3.9886422,0.48493463,3.8905027,3.258000286708325,27.794
AuCdSb_216.vasp,143.71252,37.849224,112.411,1.4499999,0.08164963,1.55,2.0933332,1.69,17.912437,1.6237671,16.626,0.87867045,1.2421681,-0.72,0.9966667,0.118133664,0.83,4.6666665,3.8586123,1.0,1.0,0.47140452,6.0,5.0,1.6666666,0.4714045,2.0,1.0,0.0,1.6666666,0.4714045,2.0,0.33333334,0.4714045,0.0,1.0,1.4142135,0.0,0.0,0.0,0.0,0.0,0.0,4.0,1.4142135,5.0,2.0,945.11005,304.77777,1337.33,77.666664,88.0,70.0,10.21,10.21,2089.0,3.0,0.57735026,3.0,216.0,60.0,4.6699834,4.669983,24.005438,9.941092,2.5639502000000004e-16,2.8597686,13.001398953360436,82.061
AuCl6Rb2Y_225.vasp,66.95261,49.014847,35.453,1.385,0.5408558,2.35,2.436,0.82,22.988752,4.058634,12.2236,2.5263913,1.4275994,0.30712,1.0109999,0.3415977,0.78,3.4,1.9595919,1.0,5.0,1.1357816,6.0,3.0,1.7,0.45825756,2.0,3.0,0.0,1.0,0.6324555,2.0,0.3,0.45825756,0.0,0.6,0.48989797,0.0,1.0,0.9,2.7,0.0,0.0,5.2,2.4413111,7.0,1.0,479.08502,556.9174,1799.0,70.7,99.0,99.0,10.21,17.39,3369.89,4.0,0.6480741,10.0,225.0,60.0,7.6303215,7.6303215,31.413296,3.5391834,0.46549276,3.8155875,3.642782267789436,29.124
AuCsF6Rb2_225.vasp,61.479805,59.529106,18.998404,1.165,0.86920935,2.6,2.8849998,0.79,30.77644,5.4746695,20.203,2.4159212,1.3063747,0.47163025,1.043,0.45120504,0.705,3.4,1.9595919,1.0,5.0,1.7435596,6.0,2.0,1.6,0.48989797,2.0,3.0,0.0,0.8,0.6,2.0,0.4,0.489898,0.0,0.6,0.48989797,0.0,1.0,0.0,0.0,0.0,0.0,0.2,1.8330302,5.0,-1.0,258.502,377.31027,1337.33,70.8,102.0,102.0,10.21,11.2,3043.97,4.0,0.6480741,10.0,225.0,60.0,6.9290686,6.9290686,23.523912,4.339823,0.53072894,3.477355,4.23311852138983,36.601
AuI6InRb2_225.vasp,124.41469,29.028927,85.4678,1.5999999,0.37815338,2.35,2.192,0.82,20.844004,3.2403204,18.87041,2.2018685,1.1667854,0.383926,1.297,0.21115789,0.94,3.4,1.9595919,1.0,5.0,0.3,6.0,5.0,1.7,0.45825756,2.0,3.1,0.0,0.9,0.53851646,2.0,0.3,0.45825756,0.0,1.1,1.3747728,0.0,1.0,0.0,0.0,0.0,0.0,5.2,2.4413111,7.0,1.0,471.31,290.6863,1337.33,74.9,97.0,97.0,10.21,25.72,2671.6,4.0,0.6480741,10.0,225.0,60.0,8.425662,8.425662,42.29579,4.8845396,0.5017962,4.2129145,2.0923170446689348,20.929
AuLi2Mg_216.vasp,58.78839,80.09154,6.941,1.4375,0.054486234,1.5,1.4525,0.98,46.629616,29.06796,15.035271,0.78117716,0.9784043,-0.42,0.9325,0.08104785,0.86,1.25,0.4330127,1.0,1.0,1.6393596,6.0,2.0,1.25,0.4330127,2.0,0.0,0.0,0.5,0.8660254,2.0,0.75,0.4330127,1.0,0.0,0.0,0.0,0.0,0.0,0.0,0.0,0.0,2.25,1.6393596,5.0,1.0,791.9275,368.59634,1337.33,41.75,73.0,12.0,10.21,13.02,1766.0,3.0,0.61237246,4.0,216.0,60.0,4.5191126,4.5191126,16.314903,5.983512,6.280369700000001e-16,2.76738,6.811246700291408,50.883
B2Cs2S4_71.vasp,51.961617,47.531647,10.811,1.3625,0.7170904,2.6,1.9975,0.79,23.74701,0.81613684,23.15745,1.2263906,0.8534153,0.27972326,0.995,0.50815845,0.41,2.5,1.5,1.0,1.0,1.5,6.0,3.0,1.75,0.4330127,2.0,2.25,0.0,0.75,0.4330127,1.0,0.25,0.4330127,0.0,2.25,1.7853571,0.0,2.0,0.0,0.0,0.0,0.0,4.0,2.1213202,6.0,1.0,856.8275,862.2342,2349.0,70.5,94.0,94.0,4.39,15.53,3482.13,3.0,0.61237246,8.0,71.0,90.00517,6.1878724,9.714927,31.463854,2.7423306,0.7352004,3.4699564,3.669825259087887,25.557
B2O6Y2_63.vasp,29.543009,29.749367,10.811,0.89000005,0.46518812,1.8,2.716,1.22,28.548359,9.029035,12.2236,0.9940319,0.5721114,0.27972326,1.046,0.32921728,0.41,2.8,1.4696939,1.0,4.0,1.1999999,5.0,2.0,2.0,0.0,2.0,2.6,0.0,1.2,0.4,2.0,0.0,0.0,0.0,2.2,1.6,0.0,2.0,1.8,3.6,0.0,0.0,2.4,0.48989797,3.0,2.0,862.48,1004.3757,2349.0,82.8,101.0,101.0,4.39,17.36,4109.8,3.0,0.66332495,10.0,11.0,66.77865,4.5626745,8.298747,12.523367,3.917263,0.36521825,2.2941074,28.18589481264192,149.35
B4CrV_191.vasp,24.363602,19.168688,10.811,1.025,0.2479079,1.4,1.9083333,1.63,21.956604,4.5544724,14.634,0.387066,0.15771717,0.27972326,0.55958337,0.21668148,0.41,1.1666666,0.89752746,0.0,1.0,0.94280905,4.0,2.0,1.8333334,0.372678,2.0,0.6666667,0.0,1.3333334,0.47140452,2.0,0.16666667,0.372678,0.0,3.3333333,2.3570228,0.0,5.0,2.0,2.8867512,0.0,0.0,3.8333333,1.2133516,6.0,3.0,2293.1667,78.965004,2349.0,75.833336,86.0,86.0,4.39,4.39,1256.0,3.0,0.70710677,6.0,191.0,120.0,2.996702,5.934904,7.6927247,5.259087,0.25895312,2.2914574,64.17566517964518,287.013
B6Li2_123.vasp,9.8435,1.6757591,6.941,1.0,0.25980765,1.45,1.775,0.98,37.776146,21.860764,25.15483,0.36430472,0.14649944,0.27972326,0.53249997,0.21217622,0.41,1.0,0.0,1.0,1.0,0.0,2.0,2.0,1.75,0.4330127,2.0,0.75,0.0,0.75,0.4330127,1.0,0.25,0.4330127,0.0,3.75,2.1650636,0.0,5.0,0.0,0.0,0.0,0.0,2.5,0.8660254,3.0,1.0,1875.1725,820.69324,2349.0,67.5,86.0,86.0,4.39,4.39,2585.0,2.0,0.7905694,8.0,123.0,90.0,4.122424,4.358704,9.259184,1.7653301,0.16881429,2.0900335,37.49561693665574,139.686
Ba2Bi4Zn2_139.vasp,155.1742,59.511612,65.409,1.675,0.29261753,2.15,1.645,0.89,15.343554,3.1256063,10.003826,0.35233757,0.64900744,-0.62,1.1099999,0.22833638,0.88,4.5,3.2015622,2.0,3.0,0.8660254,6.0,6.0,2.0,0.0,2.0,1.5,0.0,1.0,0.70710677,2.0,0.0,0.0,0.0,1.5,1.5,0.0,0.0,0.0,0.0,0.0,0.0,3.5,1.5,5.0,2.0,695.37,186.0044,1000.0,66.0,87.0,87.0,9.16,21.31,963.0,3.0,0.61237246,8.0,139.0,90.0,4.682186,12.574025,33.241425,7.751558,0.30528164,3.6224763,3.533915066374289,35.523
Ba2CaO6Re_87.vasp,59.693535,63.165966,15.9994,1.1050001,0.652476,2.15,2.532,0.89,25.920609,11.39662,10.003826,0.9140832,0.6707888,0.024551,1.23925,0.20387512,0.7125,3.5,1.024695,2.0,4.0,1.8000001,6.0,2.0,2.0,0.0,2.0,2.4,0.0,0.8,0.6,2.0,0.0,0.0,0.0,1.2,0.97979593,0.0,2.0,0.5,1.5,0.0,0.0,2.5,1.5,7.0,2.0,690.27997,1022.7932,3459.0,70.8,101.0,101.0,8.86,17.36,5778.8,4.0,0.6480741,10.0,87.0,89.82868,5.949783,5.949783,14.870865,6.665615,0.3856938,2.9015312,23.125747640905985,151.226
Ba2Cd2Sn2_12.vasp,122.81601,10.578156,112.411,1.7166667,0.30912066,2.15,1.5133333,0.89,13.848404,2.8728342,10.003826,0.17889874,0.7483321,-0.72,1.1366667,0.271457,0.83,4.6666665,3.771236,2.0,2.0,0.4714045,6.0,5.0,2.0,0.0,2.0,0.6666667,0.0,1.0,0.8164966,2.0,0.0,0.0,0.0,1.3333334,1.885618,0.0,0.0,0.0,0.0,0.0,0.0,2.6666667,0.94280905,4.0,2.0,699.76666,215.3935,1000.0,57.333332,83.0,14.0,13.0,13.0,1835.0,3.0,0.57735026,6.0,12.0,46.636482,6.611497,8.536808,32.34967,6.304261,0.25748342,3.5200925,4.321985720652454,36.017
Ba2Cl2F2_129.vasp,63.926136,52.335163,18.998404,1.2166667,0.69081277,2.15,2.6766665,0.89,22.929426,10.211886,10.003826,2.3861804,1.5873692,0.144626,0.9916666,0.35370266,0.705,4.0,1.4142135,2.0,5.0,1.6996732,6.0,2.0,2.0,0.0,2.0,3.3333333,0.0,0.6666667,0.4714045,1.0,0.0,0.0,0.0,0.6666667,0.4714045,0.0,1.0,0.0,0.0,0.0,0.0,2.6666667,3.2998316,7.0,-1.0,408.3767,421.10864,1000.0,71.666664,102.0,14.0,11.2,11.2,2057.97,3.0,0.57735026,6.0,129.0,90.0,4.4183087,7.2809687,23.689182,4.481026,0.26583815,3.2300694,7.319024200222413,48.931
Ba2HgTl_225.vasp,169.90683,32.607418,137.327,1.9250001,0.2657537,2.15,1.35,0.89,14.798208,4.830663,10.003826,0.022326306,0.32119834,-0.52,1.389375,0.10527309,1.245,3.75,3.6314597,1.0,2.0,0.0,6.0,6.0,2.0,0.0,2.0,0.25,0.0,0.75,0.8291562,2.0,0.0,0.0,0.0,1.25,2.1650636,0.0,0.0,0.0,0.0,0.0,0.0,2.75,0.8291562,4.0,2.0,702.83,320.91852,1000.0,45.0,78.0,14.0,14.09,38.16,1513.12,3.0,0.61237246,4.0,225.0,60.0,5.9754596,5.9754596,37.717155,7.480334,4.440892e-16,3.6592066,2.9971735618124984,26.504
Ba2MgO6W_225.vasp,57.879536,63.35674,15.9994,1.075,0.6261989,2.15,2.609,0.89,26.213964,11.06087,10.003826,0.9452152,0.6898683,-0.42,1.2166667,0.22144978,0.76666665,3.4,0.9165151,2.0,4.0,1.7916473,6.0,2.0,2.0,0.0,2.0,2.4,0.0,0.8,0.6,2.0,0.0,0.0,0.0,1.2,0.97979593,0.0,2.0,0.6,1.8000001,0.0,0.0,2.4,1.1999999,6.0,2.0,694.68,1081.5345,3695.0,76.2,101.0,101.0,9.47,17.36,5737.8,4.0,0.6480741,10.0,225.0,60.0,5.823989,5.823989,13.968398,6.88062,0.373811,2.9134858,21.84944468588785,148.897
Ba2MnO4_139.vasp,56.227085,52.954323,15.9994,1.1571429,0.6837024,2.15,2.4414287,0.89,25.161734,11.630904,10.003826,0.8019533,0.78827524,-0.52,1.2383335,0.2609461,0.6483333,3.5714285,1.0497812,2.0,4.0,1.7612612,6.0,2.0,2.0,0.0,2.0,2.2857144,0.0,0.85714287,0.63887656,2.0,0.0,0.0,0.0,1.1428572,0.9897433,0.0,2.0,0.71428573,1.7496356,0.0,0.0,2.7142856,1.7496356,7.0,2.0,534.0286,576.0788,1519.0,70.28571,101.0,101.0,7.35,17.36,2243.8,3.0,0.65465367,7.0,139.0,46.69309,7.2436986,7.243429,15.654602,5.9642067,0.35330027,2.7747898,14.209865153054285,95.592
Ba2Na4O4_36.vasp,43.061066,47.236526,15.9994,1.3900001,0.6575713,2.15,1.926,0.89,34.96376,13.614264,10.003826,0.83253783,0.5339334,0.144626,1.266,0.120598525,1.16,2.4,1.3564659,1.0,1.0,1.4696939,6.0,2.0,1.6,0.48989797,2.0,1.6,0.0,0.4,0.48989797,1.0,0.4,0.489898,0.0,0.8,0.97979593,0.0,0.0,0.0,0.0,0.0,0.0,1.6,0.48989797,2.0,1.0,370.268,345.1386,1000.0,47.6,101.0,11.0,17.36,17.36,2052.8,3.0,0.6,10.0,36.0,147.84657,6.870104,7.87332,19.77652,3.6156304,0.16056265,2.7161431,6.410315987391577,47.459
Ba2NaO6Os_225.vasp,58.387012,64.71386,15.9994,1.1000001,0.65076876,2.15,2.555,0.89,29.502075,11.926392,10.003826,1.0681612,0.5387952,0.144626,1.2373,0.21335794,0.673,3.5,1.3601471,1.0,4.0,1.7916473,6.0,2.0,1.9,0.29999998,2.0,2.4,0.0,0.8,0.6,2.0,0.1,0.29999998,0.0,1.2,0.97979593,0.0,2.0,0.4,1.1999999,0.0,0.0,2.5,1.8574176,8.0,1.0,600.567,973.5704,3306.0,70.8,101.0,101.0,8.42,17.36,5194.8,4.0,0.6480741,10.0,225.0,60.0,5.937867,5.937867,14.803908,6.549211,0.4235194,2.975147,18.469534695796906,128.931
Ba2Nb2S6_194.vasp,65.285675,43.043453,32.065,1.32,0.45011112,2.15,2.046,0.89,18.867493,5.6426473,10.003826,1.4586693,0.795872,0.144626,0.98999995,0.25107768,0.82,2.8,1.6,0.0,4.0,1.264911,6.0,3.0,1.8,0.4,2.0,2.4,0.0,1.0,0.6324555,2.0,0.2,0.4,0.0,1.2,0.97979593,0.0,2.0,1.2,2.3999999,0.0,0.0,5.0,1.5491934,6.0,2.0,983.016,914.69867,2750.0,69.8,94.0,94.0,10.83,15.53,4299.13,3.0,0.66332495,10.0,194.0,119.99999,6.9526563,5.735827,24.01199,4.5148034,0.38877,3.4750545,12.314175778450192,78.019
Ba2O6TaTl_225.vasp,75.59816,75.24436,15.9994,1.1250001,0.6679259,2.15,2.5540001,0.89,26.736267,10.642307,10.003826,0.96990573,0.6041916,0.144626,1.26925,0.17429878,0.82,3.2,1.077033,1.0,4.0,1.9595919,6.0,2.0,2.0,0.0,2.0,2.5,0.0,0.9,0.53851646,2.0,0.0,0.0,0.0,1.7,1.4177446,0.0,2.0,0.7,2.1000001,0.0,0.0,2.4,0.91651505,5.0,2.0,619.57996,966.2428,3290.0,76.4,101.0,101.0,10.85,17.36,5640.8,4.0,0.6480741,10.0,225.0,60.0,6.031393,6.031393,15.514504,8.091376,0.40151685,3.0185623,19.0291927172388,140.202
Ba2S4_15.vasp,67.152336,49.62098,32.065,1.3833333,0.5421152,2.15,2.0166667,0.89,18.893194,6.2857327,10.003826,1.4329451,0.9109791,0.144626,1.0833334,0.28755677,0.88,3.3333333,0.94280905,2.0,4.0,1.4142135,6.0,3.0,2.0,0.0,2.0,2.6666667,0.0,0.6666667,0.4714045,1.0,0.0,0.0,0.0,1.3333334,0.942809,0.0,2.0,0.0,0.0,0.0,0.0,4.6666665,1.8856181,6.0,2.0,592.2399,288.32986,1000.0,67.333336,94.0,94.0,15.53,15.53,1425.13,2.0,0.74535596,6.0,15.0,62.842884,5.266236,8.403188,30.189346,3.6936564,0.5065248,3.1835198,7.0776910497239465,42.674
BaBi3_221.vasp,191.06705,31.02683,137.327,1.7375,0.23815703,2.15,1.7375,0.89,15.028206,2.900827,10.003826,0.7429281,0.34542987,0.144626,1.14875,0.1970208,1.035,2.75,0.4330127,2.0,3.0,0.0,6.0,6.0,2.0,0.0,2.0,2.25,0.0,0.75,0.4330127,1.0,0.0,0.0,0.0,2.25,1.299038,0.0,3.0,0.0,0.0,0.0,0.0,4.25,1.299038,5.0,2.0,658.30005,197.28058,1000.0,68.75,87.0,87.0,21.31,21.31,306.0,2.0,0.7905694,4.0,221.0,90.0,5.153163,5.1520658,34.19611,9.278082,0.0,3.6430607,5.155592633624991,42.221
BaCaHfO6W_216.vasp,63.57314,68.73225,15.9994,1.0450001,0.5768232,2.15,2.619,0.89,26.358227,10.843618,10.003826,0.9930147,0.60561645,0.024551,1.1806667,0.20392156,0.76666665,3.4,0.9165151,2.0,4.0,1.8000001,6.0,2.0,2.0,0.0,2.0,2.4,0.0,1.0,0.6324555,2.0,0.0,0.0,0.0,1.2,0.97979593,0.0,2.0,1.4,2.8354893,0.0,0.0,2.6,1.2806249,6.0,2.0,864.48,1213.3033,3695.0,74.1,101.0,101.0,9.47,17.36,5737.8,5.0,0.6324555,10.0,216.0,60.0,5.8431926,5.8431926,14.10703,7.4831967,0.34358114,2.9215994,22.55827076171715,156.33
BaCo2O5Y_123.vasp,47.121803,40.831524,15.9994,1.0722222,0.5735422,2.15,2.5633335,0.89,25.77798,10.646716,10.003826,1.0090891,0.5272807,0.144626,1.1518519,0.23082173,0.7683333,4.111111,1.8525925,1.0,4.0,1.4740554,6.0,2.0,2.0,0.0,2.0,2.2222223,0.0,1.2222222,0.6285393,2.0,0.0,0.0,0.0,1.1111112,0.993808,0.0,2.0,1.6666666,2.867442,0.0,0.0,2.7777777,1.2272623,5.0,2.0,734.3333,792.31415,1799.0,74.666664,101.0,101.0,6.67,17.36,3518.8,4.0,0.6186405,9.0,123.0,90.0,3.907875,7.691641,13.051422,5.9953313,0.25735137,2.763285,17.496679139222216,120.758
BaCoO6SrW_216.vasp,56.371655,57.934856,15.9994,1.0450001,0.59222037,2.15,2.6720002,0.89,26.521524,10.717482,10.003826,1.0441858,0.5508404,0.052066,1.1905,0.22210614,0.76666665,3.9,1.3,2.0,4.0,1.6763055,6.0,2.0,2.0,0.0,2.0,2.4,0.0,1.0,0.6324555,2.0,0.0,0.0,0.0,1.2,0.97979593,0.0,2.0,0.9,1.9209373,0.0,0.0,2.7,1.4177446,6.0,2.0,784.18,1129.1583,3695.0,75.4,101.0,101.0,6.67,17.36,5737.8,5.0,0.6324555,10.0,44.0,89.76985,5.7612114,5.7581463,13.518371,6.9244547,0.36330554,2.8752737,20.910301258895657,145.73
BaF2O2PdSr_107.vasp,57.337517,47.931335,15.9994,1.1071428,0.67845863,2.15,2.6971428,0.89,25.806852,11.020854,10.003826,1.4976319,1.3117688,0.052066,1.08375,0.2991155,0.705,4.571429,2.4989796,2.0,2.0,1.6781914,6.0,2.0,1.7142857,0.6998542,2.0,2.5714285,0.0,0.85714287,0.63887656,2.0,0.0,0.0,0.0,0.85714287,0.8329931,0.0,0.0,0.0,0.0,0.0,0.0,1.4285715,1.6781914,4.0,-1.0,584.9586,661.25073,1828.05,72.0,102.0,101.0,8.56,11.2,3150.97,5.0,0.47380355,7.0,107.0,46.309093,7.454436,7.454436,16.825119,5.658871,0.23767053,2.6622512,12.0160190208003,82.449
BaGa4_139.vasp,83.24379,27.0416,69.723,1.47,0.34000006,2.15,1.6259998,0.89,18.412878,4.204526,10.003826,0.26988608,0.062630035,0.144626,0.90599996,0.292,0.76,1.2,0.4,1.0,1.0,0.8,6.0,4.0,2.0,0.0,2.0,0.8,0.0,0.8,0.40000004,1.0,0.0,0.0,0.0,4.0,2.0,0.0,5.0,0.0,0.0,0.0,0.0,2.8,0.4,3.0,2.0,442.32803,278.836,1000.0,67.6,81.0,81.0,11.8,11.8,334.0,2.0,0.82462114,5.0,139.0,90.0,4.5837817,6.2685766,22.54732,6.1306434,0.3407284,3.4961376,7.159742122410982,52.222
BaO3Re_221.vasp,74.306435,73.06499,15.9994,1.06,0.61757594,2.15,2.6220002,0.89,26.393438,10.890804,10.003826,0.91766775,0.66610515,0.06039663,1.1965001,0.257874,0.7125,3.8,0.9797959,2.0,4.0,1.9595917,6.0,2.0,2.0,0.0,2.0,2.4,0.0,1.0,0.6324555,2.0,0.0,0.0,0.0,1.2,0.9797959,0.0,2.0,1.0,2.0,0.0,0.0,3.0,2.0,7.0,2.0,924.6799,1318.9786,3459.0,75.0,101.0,101.0,8.86,17.36,5778.8,3.0,0.66332495,5.0,221.0,90.0,4.064732,4.064732,13.431538,9.186494,0.33673343,2.8741996,33.23555443893773,190.036
BaO3Sn_221.vasp,60.80703,55.192806,15.9994,1.08,0.6281719,2.15,2.634,0.89,26.000051,11.266492,10.003826,1.1280024,0.5099325,0.144626,1.22,0.21438284,0.83,3.2,0.9797959,2.0,4.0,1.7435595,6.0,2.0,2.0,0.0,2.0,2.8,0.0,0.8,0.40000004,1.0,0.0,0.0,0.0,2.0,1.264911,0.0,2.0,0.0,0.0,0.0,0.0,2.4,0.8,4.0,2.0,333.89603,375.94742,1000.0,80.0,101.0,101.0,16.29,17.36,2784.8,3.0,0.66332495,5.0,221.0,90.0,4.1434655,4.1434655,14.227256,7.0971146,0.3432559,2.9298725,27.933845508899687,152.902
BaSr3_139.vasp,100.046745,21.52376,87.62,2.0375,0.06495195,2.15,0.935,0.89,10.773664,0.44446594,10.003826,0.075206,0.04007966,0.052066,1.3625001,0.07361214,1.32,2.0,0.0,2.0,2.0,0.4330127,6.0,5.0,2.0,0.0,2.0,0.0,0.0,0.0,0.0,0.0,0.0,0.0,0.0,0.0,0.0,0.0,0.0,0.0,0.0,0.0,0.0,2.0,0.0,2.0,2.0,1037.5,21.650635,1050.0,14.75,15.0,15.0,33.94,33.94,488.0,2.0,0.7905694,4.0,139.0,71.040726,7.561868,7.561868,59.39829,2.796908,4.440892e-16,4.372748,1.3997345161407762,10.167
Be2PtTi_225.vasp,65.24384,76.62313,9.012182,1.2125,0.16345873,1.4,1.74,1.54,17.139448,2.06257,13.5755,0.2901625,1.0869453,-0.52,0.70916665,0.12030345,0.59,1.5,0.8660254,0.0,2.0,1.6583124,6.0,2.0,1.75,0.4330127,2.0,0.0,0.0,1.0,1.0,2.0,0.25,0.4330127,0.0,0.0,0.0,0.0,0.0,2.25,3.344772,0.0,0.0,3.5,1.6583124,6.0,2.0,1775.6,218.5026,2041.4,68.25,77.0,77.0,4.85,4.85,1356.0,3.0,0.61237246,4.0,225.0,60.0,4.0380073,4.0380073,11.639286,9.308126,3.8459253000000004e-16,2.4727645,30.91022773005057,178.531
BeLiPd2_225.vasp,57.198296,49.227154,6.941,1.325,0.16007812,1.45,1.7375,0.98,33.17781,24.52066,18.21115,0.30558288,0.47719666,-0.52,0.79562503,0.12072859,0.59,5.75,4.2646804,1.0,10.0,1.5,5.0,2.0,0.75,0.8291562,2.0,0.0,0.0,1.0,1.0,2.0,0.25,0.4330127,0.0,0.0,0.0,0.0,0.0,0.0,0.0,0.0,0.0,2.75,1.299038,4.0,1.0,1417.4475,567.08435,1828.05,56.75,77.0,69.0,4.85,8.56,1621.0,3.0,0.61237246,4.0,225.0,60.014984,4.0491095,4.0491095,11.739539,8.090608,0.000112513,2.4793985,22.249474302158223,135.902
Bi2BrClO2_99.vasp,94.21942,83.90007,15.9994,1.0916666,0.41070738,1.6,2.8400002,2.02,24.842148,7.696686,16.703,1.9638748,1.1007904,0.9423621,1.0420833,0.17759046,0.78,4.0,0.8164966,3.0,3.0,1.6749793,6.0,2.0,2.0,0.0,2.0,4.0,3.0,1.0,0.0,1.0,0.0,0.0,0.0,2.0,0.8164966,1.0,1.0,0.0,0.0,0.0,0.0,4.6666665,2.0548048,7.0,2.0,272.63336,205.29305,544.4,95.5,101.0,87.0,17.36,17.36,1746.8,4.0,0.52704626,6.0,99.0,90.0,3.947433,7.848782,20.383585,7.675542,0.38072643,3.2036252,11.74368156882795,84.005
Bi2Nb6_223.vasp,121.92488,50.26152,92.90638,1.4875001,0.06495189,1.6,1.7049999,1.6,14.91575,1.031869,14.32,0.92364573,0.010805898,0.917407,0.87375,0.09309772,0.82,0.75,1.299038,0.0,0.0,0.4330127,6.0,5.0,1.25,0.4330127,2.0,0.75,0.0,1.75,0.4330127,2.0,0.75,0.4330127,1.0,0.75,1.299038,0.0,0.0,4.5,2.598076,0.0,6.0,5.0,0.0,5.0,5.0,2198.6,955.0528,2750.0,61.5,87.0,53.0,10.83,10.83,3180.0,2.0,0.7905694,8.0,223.0,90.0,5.3757296,5.3757296,19.418795,10.426035,0.13737735,3.0051243,22.711970600498407,157.003
Bi2Pb2Pd4_8.vasp,157.2551,50.838997,106.42,1.55,0.16583124,1.8,2.1875,2.02,17.648876,1.8764939,15.032499,0.6058414,0.2116167,0.3567212,0.9625,0.12029584,0.84625,6.25,3.7666297,2.0,10.0,0.5,6.0,5.0,1.0,1.0,2.0,1.25,0.0,1.5,0.5,2.0,0.0,0.0,0.0,1.75,1.7853571,0.0,0.0,0.0,0.0,0.0,0.0,4.25,0.4330127,5.0,4.0,1200.2776,628.087,1828.05,76.75,87.0,69.0,8.56,8.56,1399.0,3.0,0.61237246,8.0,8.0,101.60636,5.6817207,5.68172,21.208902,12.3122,0.01669054,2.9020572,11.287213038508185,101.349
BiBr6HgK2_225.vasp,96.71909,56.32811,39.0983,1.4399999,0.4109745,2.2,2.3419998,0.82,22.825588,4.6695294,16.703,2.160681,1.5118961,-0.52,1.0614998,0.2543747,0.8825,4.5,2.4186773,1.0,5.0,0.8,6.0,4.0,1.8,0.4,2.0,3.3,0.0,0.9,0.53851646,2.0,0.2,0.4,0.0,0.9,0.83066237,0.0,1.0,0.0,0.0,0.0,0.0,5.3,2.3685439,7.0,1.0,304.65802,85.74088,544.4,76.9,98.0,98.0,14.09,19.78,1505.0,4.0,0.6480741,10.0,225.0,60.0,8.238822,8.238822,39.54398,4.0614486,0.4954595,4.1196113,2.3197229193297355,21.332
BiCl6NaRb2_225.vasp,61.562378,53.341404,22.989769,1.4100001,0.54442626,2.35,2.355,0.82,26.14503,7.558703,16.703,2.413847,1.4732487,0.4859162,1.0195,0.34418344,0.78,3.6,1.8000001,1.0,5.0,1.0999999,6.0,3.0,1.7,0.45825756,2.0,3.3,0.0,0.7,0.45825756,1.0,0.3,0.45825756,0.0,0.9,0.83066237,0.0,1.0,0.0,0.0,0.0,0.0,5.0,2.6832814,7.0,1.0,256.979,120.61332,544.4,71.0,99.0,99.0,17.39,17.39,1597.89,4.0,0.6480741,10.0,225.0,60.0,7.744266,7.744266,32.841713,3.1127102,0.4612538,3.8722105,3.1030538033623243,24.628
BiCs2I6K_225.vasp,127.53163,38.097862,39.0983,1.74,0.49030602,2.6,2.038,0.79,20.943045,4.01976,16.703,2.0741394,1.2128742,0.47163025,1.3815,0.24013935,1.035,3.6,1.8000001,1.0,5.0,0.6,6.0,5.0,1.7,0.45825756,2.0,3.3,0.0,0.7,0.45825756,1.0,0.3,0.45825756,0.0,0.9,0.83066237,0.0,1.0,0.0,0.0,0.0,0.0,5.0,2.6832814,7.0,1.0,380.52106,64.41435,544.4,69.5,97.0,97.0,21.31,25.72,1379.6,4.0,0.6480741,10.0,225.0,60.0,9.149443,9.149443,54.158787,3.9101923,0.5891702,4.577221,1.3393855759883708,13.48
BiCuLi2O4_119.vasp,43.800747,64.6946,6.941,1.03125,0.43584508,1.6,2.455,0.98,41.09501,21.086712,16.703,1.1573333,0.35410655,0.6180492,1.086875,0.1815375,0.82,2.75,1.3919411,1.0,4.0,1.3919411,6.0,2.0,1.625,0.48412293,2.0,2.375,0.0,0.875,0.59947896,2.0,0.375,0.48412293,0.0,1.375,1.1110243,0.0,2.0,0.0,0.0,0.0,0.0,2.375,1.3169568,5.0,1.0,378.59375,420.8513,1357.77,73.375,101.0,101.0,7.11,17.36,3109.8,4.0,0.586302,8.0,119.0,66.72844,5.5937343,5.5937343,11.053316,6.580184,0.001327124,2.1780307,16.91902037010414,122.732
BiF7Pb2_139.vasp,75.63692,86.51799,18.998404,0.87,0.56753856,1.8,3.454,2.02,29.156366,8.892176,15.032499,2.5464134,1.3144194,0.3567212,0.82149994,0.17938505,0.705,4.2,1.2489996,2.0,5.0,1.8330302,6.0,2.0,2.0,0.0,2.0,4.2,2.0,1.0,0.0,1.0,0.0,0.0,0.0,1.8,1.2489996,1.0,1.0,0.0,0.0,0.0,0.0,0.6,2.4576411,5.0,-1.0,212.033,242.55193,600.61,96.5,102.0,102.0,11.2,11.2,1936.97,3.0,0.73484695,10.0,139.0,34.34195,9.723377,9.723377,15.310271,8.203517,0.01344233,2.562338,9.83250774953004,89.517
BiKTl2_225.vasp,164.21132,72.258415,39.0983,1.9,0.21213204,2.2,1.52,0.82,22.29615,5.596617,16.703,0.5209819,0.25430647,0.3200532,1.305,0.17366455,1.035,1.5,0.8660254,1.0,1.0,0.8660254,6.0,6.0,1.75,0.4330127,2.0,1.25,0.0,0.75,0.4330127,1.0,0.25,0.4330127,0.0,3.25,2.046338,0.0,5.0,0.0,0.0,0.0,0.0,3.0,1.4142135,5.0,1.0,508.7325,100.308,577.0,63.25,87.0,78.0,17.22,17.22,805.0,3.0,0.61237246,4.0,225.0,59.999985,5.7301292,5.7301254,33.25962,8.198509,5.071945e-06,3.5089698,2.734356012217555,26.307
BiLi3_225.vasp,57.450848,87.48562,6.941,1.4875001,0.0649519,1.6,1.24,0.98,60.905823,25.520514,16.703,0.69912744,0.14043161,0.6180492,0.9337499,0.05845671,0.9,1.5,0.8660254,1.0,1.0,1.7320508,6.0,2.0,1.25,0.4330127,2.0,0.75,0.0,0.25,0.4330127,1.0,0.75,0.4330127,1.0,0.75,1.299038,0.0,0.0,0.0,0.0,0.0,0.0,2.0,1.7320508,5.0,1.0,476.36752,39.27859,544.4,30.75,87.0,12.0,13.02,13.02,222.0,2.0,0.7905694,4.0,225.0,60.000004,4.731246,4.7312455,18.721973,5.0955834,4.9650684e-16,2.8972845,3.5605490857117683,29.773
BiO2_225.vasp,80.3264,90.97211,15.9994,0.9333334,0.4714045,1.6,2.9666665,2.02,28.981745,8.682385,16.703,1.288191,0.2445379,0.9423621,1.1850001,0.106066026,1.035,3.6666667,0.4714045,3.0,4.0,1.8856181,6.0,2.0,2.0,0.0,2.0,3.6666667,3.0,1.0,0.0,1.0,0.0,0.0,0.0,2.3333333,0.4714045,2.0,2.0,0.0,0.0,0.0,0.0,3.0,1.4142135,5.0,2.0,218.0,230.79967,544.4,96.333336,101.0,101.0,17.36,17.36,1746.8,2.0,0.74535596,3.0,225.0,60.0,3.897144,3.897144,13.950929,9.561021,0.0,2.3865037,24.278575723382,138.541
BKN2Na2_139.vasp,20.650372,9.45482,10.811,1.325,0.6263319,2.2,1.8000001,0.82,35.09251,8.8361845,25.15483,0.28950578,0.2698984,-0.07,0.9183333,0.3880471,0.41,1.6666666,0.942809,1.0,1.0,0.745356,4.0,2.0,1.5,0.5,2.0,1.1666666,0.0,0.5,0.5,1.0,0.5,0.5,0.0,1.8333334,1.9507833,0.0,0.0,0.0,0.0,0.0,0.0,2.6666667,1.7950549,5.0,1.0,592.22833,796.8362,2349.0,53.0,100.0,11.0,4.39,13.54,4122.64,4.0,0.52704626,6.0,139.0,60.437008,5.9946303,5.9946303,15.717677,2.1816678,0.67291373,3.0170918,10.98846915368621,54.559
Br2Cu_12.vasp,74.45133,7.711234,63.546,1.2166667,0.09428093,1.35,2.6066668,1.9,21.15813,0.61217004,20.29239,2.6543202,1.0030565,1.235784,0.8616667,0.02946278,0.82,3.6666667,1.8856181,1.0,5.0,0.0,4.0,4.0,1.6666666,0.4714045,2.0,3.3333333,0.0,1.3333334,0.4714045,2.0,0.33333334,0.4714045,0.0,0.6666667,0.47140452,0.0,1.0,0.0,0.0,0.0,0.0,6.0,1.4142135,7.0,4.0,629.79004,514.75964,1357.77,89.333336,98.0,98.0,7.11,19.78,2868.0,2.0,0.74535596,3.0,12.0,45.468052,4.519394,6.911549,30.329714,4.076179,3.6259733000000005e-16,2.4167876,2.8949838513030963,20.656
Br4Se4_41.vasp,79.432,0.47200012,78.96,1.15,0.0,1.15,2.755,2.55,21.3935,0.19750023,21.196,2.6920965,0.67149186,2.0206046,0.9479166,0.065416664,0.8825,4.5,0.5,4.0,4.0,0.0,4.0,4.0,2.0,0.0,2.0,4.5,4.0,1.0,0.0,1.0,0.0,0.0,0.0,1.5,0.5,1.0,1.0,0.0,0.0,0.0,0.0,6.5,0.5,7.0,6.0,379.9,114.100006,494.0,95.5,98.0,93.0,16.42,16.42,626.0,2.0,0.70710677,8.0,41.0,104.53837,4.2913256,14.770896,32.912888,4.007547,0.07743839,2.4013934,3.90833474937016,30.315
Br6Cs2InLi_225.vasp,86.69939,34.203983,6.941,1.5099999,0.5620498,2.6,2.2099998,0.79,27.03714,16.238873,18.87041,2.2126765,1.4105757,0.383926,1.0754999,0.3676459,0.8825,3.4,1.9595919,1.0,5.0,1.1,6.0,4.0,1.7,0.45825756,2.0,3.1,0.0,0.7,0.45825756,1.0,0.3,0.45825756,0.0,1.1,1.3747728,0.0,1.0,0.0,0.0,0.0,0.0,4.8,2.7495453,7.0,1.0,308.142,68.421974,453.69,69.5,98.0,98.0,13.02,19.78,2013.0,4.0,0.6480741,10.0,225.0,60.0,7.8437886,7.8437886,34.12421,4.218932,0.47389504,3.9221547,2.3882247451157936,22.621
Br6Hg2_194.vasp,110.0755,52.258568,79.904,1.2375,0.15155447,1.5,2.72,2.0,20.88247,1.2272098,18.75688,2.3926911,1.681643,-0.52,0.973125,0.1569671,0.8825,6.25,2.1650636,5.0,5.0,0.8660254,6.0,4.0,2.0,0.0,2.0,3.75,0.0,1.25,0.4330127,2.0,0.0,0.0,0.0,0.75,0.4330127,0.0,1.0,0.0,0.0,0.0,0.0,6.25,1.299038,7.0,4.0,257.93,13.631231,265.8,92.0,98.0,98.0,14.09,19.78,297.88,2.0,0.7905694,8.0,194.0,120.0,8.94518,3.843141,33.289337,5.4907875,5.7459474e-06,2.859399,2.778596811621054,26.578
Br6InKRb2_225.vasp,80.42759,17.155941,39.0983,1.5349998,0.5157761,2.35,2.2,0.82,23.46205,3.7151208,18.87041,2.2038748,1.4206623,0.383926,1.1074998,0.33353785,0.8825,3.4,1.9595919,1.0,5.0,0.4582576,5.0,4.0,1.7,0.45825756,2.0,3.1,0.0,0.7,0.45825756,1.0,0.3,0.45825756,0.0,1.1,1.3747728,0.0,1.0,0.0,0.0,0.0,0.0,4.8,2.7495453,7.0,1.0,298.6,50.475986,429.75,69.5,98.0,98.0,15.76,19.78,2013.0,4.0,0.6480741,10.0,225.0,60.0,8.128138,8.128138,37.971535,3.5171914,0.55137944,4.069034,2.642735288630683,22.392
Br6K2RbTl_225.vasp,84.74717,43.152866,39.0983,1.555,0.50668037,2.35,2.184,0.82,24.051386,4.1791463,20.4283,2.1990418,1.4270943,0.3200532,1.1327499,0.31520915,0.8825,3.4,1.9595919,1.0,5.0,0.64031243,6.0,4.0,1.7,0.45825756,2.0,3.1,0.0,0.7,0.45825756,1.0,0.3,0.45825756,0.0,1.1,1.3747728,0.0,1.0,0.0,0.0,0.0,0.0,4.8,2.7495453,7.0,1.0,315.732,91.70388,577.0,69.5,98.0,98.0,17.22,19.78,1414.0,4.0,0.6480741,10.0,225.0,60.0,8.489427,8.489427,43.26334,3.2527766,0.5837951,4.250815,1.7077595716461111,15.571
Br6NaRb2Sc_225.vasp,71.83052,19.674097,22.989769,1.5,0.47749344,2.35,2.169,0.82,24.421122,8.499342,12.79977,2.1889489,1.4413626,0.1882,1.0659999,0.30810753,0.8825,3.4,1.9595919,1.0,5.0,0.5385165,5.0,4.0,1.7,0.45825756,2.0,3.0,0.0,0.8,0.6,2.0,0.3,0.45825756,0.0,0.6,0.48989797,0.0,1.0,0.9,2.7,0.0,0.0,4.8,2.7495453,7.0,1.0,440.45898,459.04898,1814.0,63.6,98.0,98.0,15.0,19.78,2771.0,4.0,0.6480741,10.0,225.0,60.0,7.888683,7.888683,34.713505,3.4360518,0.50749946,3.9464564,2.646943175522684,22.562
Br6Rh2_12.vasp,85.65437,9.959943,79.904,1.2,0.08660256,1.35,2.79,2.28,20.71325,1.5203075,18.08,2.8084142,0.9615897,1.142892,0.848125,0.05953924,0.745,3.75,2.1650636,0.0,5.0,0.4330127,5.0,4.0,1.75,0.4330127,2.0,3.75,0.0,1.25,0.4330127,2.0,0.25,0.4330127,0.0,0.75,0.4330127,0.0,1.0,0.5,0.8660254,0.0,0.0,6.75,0.4330127,7.0,6.0,758.6,853.5547,2237.0,89.75,98.0,98.0,8.28,19.78,3636.0,2.0,0.7905694,8.0,12.0,119.97736,6.352195,6.541418,27.145084,5.239712,0.0015653895,2.4958694,9.097374256703567,62.075
BrCl2Na3_164.vasp,36.629887,20.13942,22.989769,1.4249998,0.37831864,1.8,2.0116665,0.93,35.17956,12.129449,21.591,2.0388029,1.4931879,0.54792625,0.98708326,0.17625985,0.78,3.0,2.0,1.0,1.0,0.37267798,4.0,3.0,1.5,0.5,2.0,2.5,0.0,0.5,0.5,1.0,0.5,0.5,0.0,0.5,0.5,0.0,0.0,0.0,0.0,0.0,0.0,4.0,3.0,7.0,1.0,286.93497,89.61609,370.87,54.833332,99.0,11.0,17.39,23.78,916.89,3.0,0.62360954,6.0,164.0,120.0,4.0291553,9.873653,23.135838,2.6290536,0.03695573,2.916063,4.264091608889743,27.883
C2Sc4Tl2_194.vasp,76.576454,75.00507,12.0107,1.45,0.45000002,1.9,1.7225001,1.36,17.602749,5.002371,12.79977,0.4896417,0.44922358,0.1882,0.850625,0.36665878,0.3,1.25,0.4330127,1.0,1.0,1.4142135,6.0,4.0,2.0,0.0,2.0,0.75,0.0,1.5,0.5,2.0,0.0,0.0,0.0,2.25,2.2776084,0.0,0.0,4.5,4.5,0.0,0.0,3.25,0.4330127,4.0,3.0,2001.25,1154.7852,3800.0,52.75,95.0,19.0,5.29,15.0,2554.0,3.0,0.61237246,8.0,194.0,120.0,3.3709338,15.223148,18.72602,6.7904544,0.40523988,3.2342474,14.18672302345444,99.125
Ca2Ge4_166.vasp,61.786,15.3498745,40.078,1.4333334,0.25927246,1.8,1.6733335,1.0,14.580312,1.9152653,11.871719,0.829968,0.5695158,0.024551,0.8933334,0.17441967,0.77,2.0,0.0,2.0,2.0,0.0,4.0,4.0,2.0,0.0,2.0,1.3333334,0.0,0.6666667,0.4714045,1.0,0.0,0.0,0.0,2.6666667,1.885618,0.0,4.0,0.0,0.0,0.0,0.0,3.3333333,0.94280905,4.0,2.0,1179.2666,45.44341,1211.4,61.333332,84.0,84.0,13.63,13.63,1336.0,2.0,0.74535596,6.0,166.0,60.000008,4.0492754,10.420115,24.03208,4.269213,0.21632774,3.036266,8.215820871035504,51.98
Ca2HfO6Ti_225.vasp,40.25094,47.641293,15.9994,1.0150001,0.51963925,1.8,2.548,1.0,26.265568,10.870974,11.871719,0.9069349,0.6798739,0.024551,1.1541667,0.15862821,0.85,3.2,0.97979593,2.0,4.0,1.3416407,6.0,2.0,2.0,0.0,2.0,2.4,0.0,1.0,0.6324555,2.0,0.0,0.0,0.0,1.2,0.97979593,0.0,2.0,1.6,3.2,0.0,0.0,2.4,0.8,4.0,2.0,700.57996,874.2919,2506.0,73.9,101.0,101.0,10.64,17.36,4785.8,4.0,0.6480741,10.0,225.0,60.0,5.6493535,5.6493535,12.749149,5.242566,0.3470906,2.8251054,29.746712778854054,170.697
Ca2Ni4_227.vasp,52.488266,8.775384,40.078,1.5,0.212132,1.8,1.6066666,1.0,16.0698,2.9684904,11.871719,0.77962446,0.5339176,0.024551,0.8733333,0.1885618,0.74,6.0,2.828427,2.0,8.0,0.0,4.0,4.0,2.0,0.0,2.0,0.0,0.0,1.3333334,0.942809,2.0,0.0,0.0,0.0,0.0,0.0,0.0,0.0,1.3333334,0.942809,0.0,2.0,3.3333333,0.94280905,4.0,2.0,1523.6666,288.97098,1728.0,50.0,67.0,67.0,6.59,6.59,1429.0,2.0,0.74535596,6.0,227.0,60.00198,5.038323,5.038274,15.073137,5.782394,0.20497164,2.9539583,16.522402122716347,102.335
Ca2NiSi3_187.vasp,37.184315,11.013271,28.0855,1.375,0.31324908,1.8,1.6016668,1.0,15.158303,2.4116867,11.871719,0.89580446,0.6215225,0.024551,0.7733333,0.2687419,0.54,3.0,2.236068,2.0,2.0,0.5,4.0,3.0,2.0,0.0,2.0,1.0,0.0,0.8333333,0.6871843,2.0,0.0,0.0,0.0,2.0,2.0,0.0,0.0,0.33333334,0.74535596,0.0,0.0,3.3333333,0.94280905,4.0,2.0,1503.1666,274.85782,1728.0,59.0,85.0,85.0,6.59,12.06,1429.0,3.0,0.62360954,6.0,187.0,120.00001,3.9944463,8.784109,20.229736,3.05224,0.37275648,3.0969284,13.480304272728654,67.384
Ca2O6Rh2_63.vasp,38.19634,33.671738,15.9994,0.9900001,0.4983974,1.8,2.72,1.0,27.063015,10.062497,11.871719,1.1101519,0.5566159,0.024551,1.133,0.19948934,0.745,2.8,1.6,0.0,4.0,1.264911,5.0,2.0,1.8,0.4,2.0,2.4,0.0,1.0,0.6324555,2.0,0.2,0.4,0.0,1.2,0.97979593,0.0,2.0,0.4,0.8,0.0,0.0,2.8,1.6,6.0,2.0,703.27997,869.8723,2237.0,76.8,101.0,101.0,8.28,17.36,3877.8,3.0,0.66332495,10.0,63.0,107.61815,5.1421547,7.297586,11.134209,5.696544,0.12805717,2.3113039,33.128379847643195,194.277
Ca2Sn2Zn2_186.vasp,74.73233,32.771343,40.078,1.5333333,0.19293058,1.8,1.5366668,1.0,14.82306,2.4909477,11.871719,0.17220707,0.71478134,-0.62,0.95,0.13589211,0.83,4.6666665,3.771236,2.0,2.0,0.4714045,5.0,4.0,2.0,0.0,2.0,0.6666667,0.0,1.0,0.8164966,2.0,0.0,0.0,0.0,1.3333334,1.885618,0.0,0.0,0.0,0.0,0.0,0.0,2.6666667,0.94280905,4.0,2.0,770.92,255.07088,1115.0,58.333332,83.0,16.0,9.16,9.16,1695.0,3.0,0.57735026,6.0,186.0,120.0,4.651427,7.577861,23.664557,5.2439585,0.12566872,3.04126,7.068112088427157,50.444
Ca3Cd3Sn3_189.vasp,90.399666,35.675594,40.078,1.5999999,0.14719598,1.8,1.55,1.0,14.471034,2.059371,11.871719,0.13887373,0.75229543,-0.72,1.02,0.13589212,0.83,4.6666665,3.7712362,2.0,2.0,0.47140452,5.0,5.0,2.0,0.0,2.0,0.6666667,0.0,1.0,0.8164966,2.0,0.0,0.0,0.0,1.3333334,1.8856181,0.0,0.0,0.0,0.0,0.0,0.0,2.6666667,0.94280905,4.0,2.0,738.1,268.98166,1115.0,58.0,83.0,16.0,13.0,13.0,1835.0,3.0,0.57735026,9.0,189.0,119.99999,7.678398,4.686374,26.586815,5.646114,0.155509,3.2624028,5.491737577385436,46.209
Ca6GeLi_225.vasp,40.006123,16.425222,6.941,1.6875,0.20116843,1.8,1.12375,0.98,20.350628,20.939728,11.871719,0.24975395,0.4192368,0.024551,1.06375,0.13600896,0.77,1.875,0.3307189,1.0,2.0,0.6614378,4.0,4.0,1.875,0.3307189,2.0,0.25,0.0,0.125,0.3307189,1.0,0.125,0.3307189,0.0,0.5,1.3228756,0.0,0.0,0.0,0.0,0.0,0.0,2.125,0.78062475,4.0,1.0,1044.3862,225.481,1211.4,24.0,84.0,16.0,13.02,26.2,1478.0,3.0,0.77055174,8.0,225.0,60.0,7.2079015,7.2079015,33.099506,2.007031,4.440892e-16,3.6039507,3.257263605697859,20.816
Ca6Li2_194.vasp,31.793749,14.348742,6.941,1.7125,0.1515544,1.8,0.995,0.98,27.813814,27.61252,11.871719,0.17292555,0.25699225,0.024551,1.0799999,0.10392305,0.9,1.75,0.4330127,1.0,2.0,0.8660254,4.0,4.0,1.75,0.4330127,2.0,0.0,0.0,0.0,0.0,0.0,0.25,0.4330127,0.0,0.0,0.0,0.0,0.0,0.0,0.0,0.0,0.0,1.75,0.4330127,2.0,1.0,949.6725,286.35562,1115.0,15.0,16.0,16.0,13.02,26.2,142.0,2.0,0.7905694,8.0,194.0,119.99999,7.5849404,6.212855,38.69332,1.3644413,0.019338032,3.7824407,2.487371646716517,14.536
Ca6O2Si2_74.vasp,32.863777,9.626776,15.9994,1.4200001,0.49152818,1.8,1.668,1.0,17.416426,9.02035,11.871719,0.5848559,0.68660384,0.024551,1.044,0.25624987,0.54,2.4,0.8,2.0,2.0,0.8,4.0,4.0,2.0,0.0,2.0,1.2,0.0,0.4,0.48989797,1.0,0.0,0.0,0.0,1.2,1.6,0.0,0.0,0.0,0.0,0.0,0.0,2.4,0.8,4.0,2.0,1017.36,529.8189,1687.0,46.8,101.0,16.0,12.06,26.2,3082.8,3.0,0.66332495,10.0,74.0,90.05379,6.65683,6.65683,20.8684,2.6150346,0.3020216,3.1160836,11.3959459719822,62.864
CaCl6Cs2Sn_225.vasp,63.73169,42.36772,35.453,1.4449999,0.63105065,2.6,2.35,0.79,21.570154,4.212139,11.871719,2.3756232,1.5348295,0.024551,1.027,0.40543926,0.78,3.6,1.7435596,1.0,5.0,1.2206556,6.0,3.0,1.8,0.4,2.0,3.2,0.0,0.7,0.45825756,1.0,0.2,0.4,0.0,1.0,1.0954452,0.0,1.0,0.0,0.0,0.0,0.0,5.0,2.5690465,7.0,1.0,325.28604,282.63287,1115.0,70.9,99.0,99.0,16.29,17.39,2635.89,4.0,0.6480741,10.0,225.0,60.0,7.8684044,7.8684044,34.44649,3.072271,0.47772187,3.9345486,2.9470005640576336,23.439
CaCu4In_216.vasp,68.18,22.548914,40.078,1.4583334,0.1693533,1.8,1.7299999,1.0,18.651949,3.0763462,11.871719,0.8919356,0.4972184,0.024551,0.8933334,0.11869662,0.82,1.1666666,0.372678,1.0,1.0,0.372678,5.0,4.0,1.3333334,0.47140452,2.0,0.16666667,0.0,1.5,0.7637626,2.0,0.6666667,0.4714045,1.0,0.8333333,1.86339,0.0,0.0,0.0,0.0,0.0,0.0,3.5,0.7637626,4.0,2.0,1162.6383,339.53406,1357.77,63.833332,79.0,72.0,7.11,7.11,1443.0,3.0,0.70710677,6.0,216.0,59.99991,5.082133,5.082138,15.469322,7.3187146,0.2137058,2.9812348,14.281204859495247,99.872
CaHfMg6_123.vasp,45.54975,50.511242,24.305,1.54375,0.09822644,1.8,1.27,1.0,14.586668,1.0355527,11.871719,-0.28967237,0.22897352,-0.42,0.89375,0.09313128,0.85,2.0,0.0,2.0,2.0,1.0,6.0,3.0,2.0,0.0,2.0,0.0,0.0,0.25,0.6614378,2.0,0.0,0.0,0.0,0.0,0.0,0.0,0.0,1.0,2.6457512,0.0,0.0,2.25,0.6614378,4.0,2.0,1144.875,518.2814,2506.0,63.0,73.0,73.0,13.44,14.0,3513.0,3.0,0.77055174,8.0,123.0,90.0,6.429571,4.66748,24.118843,3.1360185,0.0859853,3.2147856,6.518997779981016,42.139
CaNaNbO6W_216.vasp,43.58105,52.063725,15.9994,1.0000001,0.5064583,1.8,2.6530004,0.93,30.05748,11.029118,11.871719,1.1072785,0.4854969,0.024551,1.1446667,0.18120706,0.76666665,3.1,1.4456831,0.0,4.0,1.4142135,6.0,2.0,1.8,0.4,2.0,2.4,0.0,1.0,0.6324555,2.0,0.2,0.4,0.0,1.2,0.97979593,0.0,2.0,1.2,2.3999999,0.0,0.0,2.6,1.4966631,6.0,1.0,825.967,1256.666,3695.0,74.1,101.0,101.0,9.47,17.36,5737.8,5.0,0.6324555,10.0,216.0,60.0,5.691265,5.691265,13.035013,5.55182,0.33543622,2.8456407,27.56304809101509,164.486
CaNi2P2_139.vasp,43.882465,12.541697,30.973763,1.3,0.2949576,1.8,1.8399999,1.0,17.549673,2.927834,11.871719,0.7664175,0.41388696,0.024551,0.74399996,0.21546228,0.55,4.8,2.6381812,2.0,3.0,0.48989797,4.0,4.0,2.0,0.0,2.0,1.2,0.0,1.2,0.7483314,2.0,0.0,0.0,0.0,1.2,1.4696938,0.0,0.0,0.8,0.97979593,0.0,0.0,4.0,1.0954452,5.0,2.0,1041.1199,631.9648,1728.0,66.0,90.0,67.0,6.59,6.59,2636.0,3.0,0.6,5.0,139.0,90.0,3.8893204,5.407246,14.084968,5.1734977,0.285925,2.9840991,27.55200664819261,136.32
CaP2Ru2_139.vasp,60.833107,33.021057,30.973763,1.28,0.29257476,1.8,1.956,1.0,16.986141,2.8897626,11.871719,0.7221061,0.37365606,0.024551,0.7124,0.2194872,0.55,1.6,1.356466,0.0,0.0,0.8944272,5.0,3.0,1.6,0.48989797,2.0,1.2,0.0,1.2,0.7483314,2.0,0.4,0.48989797,0.0,1.2,1.4696938,0.0,0.0,1.2,1.4696938,0.0,0.0,5.6,2.2449944,8.0,2.0,1392.72,1033.3573,2607.0,64.0,90.0,62.0,8.17,8.17,3873.0,3.0,0.6,5.0,139.0,90.00001,4.0465956,5.729354,16.255955,6.214076,0.33719236,3.1626794,34.10817321291438,162.77
CaSi2_166.vasp,32.083,5.653318,28.0855,1.3333334,0.32998314,1.8,1.6,1.0,14.854473,2.1091254,11.871719,0.9345312,0.6434532,0.024551,0.74,0.2828427,0.54,2.0,0.0,2.0,2.0,0.4714045,4.0,3.0,2.0,0.0,2.0,1.3333334,0.0,0.6666667,0.47140452,1.0,0.0,0.0,0.0,2.6666667,1.8856181,0.0,4.0,0.0,0.0,0.0,0.0,3.3333333,0.942809,4.0,2.0,1496.3334,269.64337,1687.0,62.0,85.0,85.0,12.06,12.06,1416.0,2.0,0.74535596,3.0,166.0,39.173103,5.7248106,5.72481,22.448647,2.3731976,0.32163852,3.0955818,17.804976805021923,63.384
CCo2Mn2_123.vasp,47.950634,18.05857,12.0107,1.24,0.27092436,1.4,1.882,1.55,17.966387,3.2727647,15.63999,0.30932873,0.71168804,-0.52,0.62666667,0.17192376,0.3,5.2,1.8330302,2.0,5.0,0.8,4.0,4.0,2.0,0.0,2.0,0.4,0.0,1.8,0.4,2.0,0.0,0.0,0.0,0.8,1.6,0.0,0.0,3.2,1.8330302,0.0,3.0,5.6,1.1999999,7.0,4.0,2074.8,869.75793,3800.0,68.6,95.0,60.0,5.29,6.67,1966.0,3.0,0.6,5.0,123.0,90.0,3.759191,3.824369,10.808827,7.366563,0.30842105,2.6581495,37.52678983405298,200.339
Cd2Sb4Sn2_122.vasp,118.66025,3.8168209,112.411,1.475,0.04330123,1.55,1.9375,1.69,16.198345,0.9110321,14.63307,0.62171817,0.77509105,-0.72,0.895,0.11258333,0.83,4.5,3.2015622,2.0,3.0,0.0,5.0,5.0,2.0,0.0,2.0,2.0,0.0,1.25,0.4330127,2.0,0.0,0.0,0.0,2.5,1.5,0.0,3.0,0.0,0.0,0.0,0.0,4.0,1.2247449,5.0,2.0,726.71497,179.8479,903.78,83.5,88.0,88.0,13.0,18.19,1835.0,3.0,0.61237246,8.0,122.0,90.0,6.5714827,7.9790263,35.013603,5.6275268,0.005922355,2.840155,5.449158170103804,42.511
Cd3Sr_225.vasp,106.21326,10.7348175,87.62,1.6624999,0.19485573,2.0,1.505,0.95,15.438805,2.5452647,11.030276,-0.5269835,0.33431438,-0.72,1.1475,0.09959293,1.09,8.0,3.4641016,2.0,10.0,0.0,5.0,5.0,2.0,0.0,2.0,0.0,0.0,1.5,0.8660254,2.0,0.0,0.0,0.0,0.0,0.0,0.0,0.0,0.0,0.0,0.0,0.0,2.0,0.0,2.0,2.0,708.165,197.35854,1050.0,60.0,75.0,75.0,13.0,13.0,615.0,2.0,0.7905694,4.0,225.0,60.0,5.259123,5.259123,25.713722,6.859032,3.8459253000000004e-16,3.220542,4.870137093732312,38.747
CdCu2Zr_225.vasp,82.68175,20.549648,63.546,1.4499999,0.099999964,1.55,1.705,1.33,17.655773,2.9557073,13.13,0.5462143,0.801103,-0.72,0.8975,0.11233323,0.82,3.5,3.7749171,1.0,1.0,0.5,5.0,4.0,1.5,0.5,2.0,0.0,0.0,2.0,0.0,2.0,0.5,0.5,0.0,0.0,0.0,0.0,0.0,2.0,3.4641016,0.0,0.0,3.5,0.8660254,4.0,2.0,1359.44,542.2757,2128.0,67.0,75.0,72.0,7.11,7.11,3642.0,3.0,0.61237246,4.0,225.0,60.000008,4.494216,4.494216,16.046741,8.556023,7.021667e-16,2.7521338,21.756924251104664,127.869
CdMnS2_160.vasp,57.869762,32.84476,32.065,1.2375,0.24334902,1.55,2.1,1.55,19.806015,3.5602164,15.63999,0.7285523,1.3504049,-0.72,0.87458336,0.15624669,0.6483333,5.75,2.4874685,4.0,4.0,0.8291562,5.0,3.0,2.0,0.0,2.0,2.0,0.0,1.5,0.5,2.0,0.0,0.0,0.0,1.0,1.0,0.0,0.0,1.25,2.1650636,0.0,0.0,5.25,1.9202864,7.0,2.0,722.485,467.48453,1519.0,80.75,94.0,94.0,7.35,15.53,1616.13,3.0,0.61237246,4.0,160.0,33.75972,7.0462456,7.0462465,24.06577,3.993016,0.061914362,2.5472286,6.741696056550014,40.759
CdPt3_65.vasp,174.41574,35.798454,112.411,1.4,0.08660251,1.55,2.1325,1.69,18.147078,0.71520084,16.908314,1.4138286,1.2319665,-0.72,0.87625,0.12340863,0.805,2.5,4.3301272,0.0,0.0,0.4330127,6.0,6.0,1.25,0.4330127,2.0,0.0,0.0,2.0,0.0,2.0,0.75,0.4330127,1.0,0.0,0.0,0.0,0.0,0.75,0.4330127,0.0,1.0,5.0,1.7320508,6.0,2.0,1679.605,626.64734,2041.4,69.75,75.0,68.0,9.09,9.09,3058.0,2.0,0.7905694,4.0,65.0,90.0,4.8765,4.8765,16.078085,18.013597,3.1401849000000005e-16,2.820271,32.317160619251226,214.73
CdTe_216.vasp,120.0055,7.5944977,112.411,1.4749999,0.07499999,1.55,1.895,1.69,17.754158,0.8458433,16.908314,0.62543786,1.3454379,-0.72,1.1916666,0.10166663,1.09,7.0,3.0,4.0,4.0,0.0,5.0,5.0,2.0,0.0,2.0,2.0,0.0,1.5,0.5,2.0,0.0,0.0,0.0,1.0,1.0,0.0,0.0,0.0,0.0,0.0,0.0,4.0,2.0,6.0,2.0,658.43994,64.22,722.66,83.5,92.0,75.0,13.0,13.0,221.0,2.0,0.70710677,2.0,216.0,60.00001,4.641609,4.64161,35.355812,5.6362395,0.0,2.8423934,7.44238434087564,39.326
Cl2Na3_65.vasp,27.975061,6.105711,22.989769,1.4799999,0.39191836,1.8,1.8219999,0.93,37.897274,11.499238,23.81364,1.7738459,1.5014389,0.54792625,1.008,0.18616122,0.78,2.6,1.9595919,1.0,1.0,0.0,3.0,3.0,1.4,0.48989797,2.0,2.0,0.0,0.4,0.48989797,1.0,0.6,0.48989797,1.0,0.4,0.48989797,0.0,0.0,0.0,0.0,0.0,0.0,3.4,2.9393876,7.0,1.0,291.162,97.621956,370.87,46.2,99.0,11.0,17.39,23.78,916.89,2.0,0.7211103,5.0,65.0,160.36452,10.321411,3.527636,25.256678,1.8392634,0.019433614,3.0514226,3.245062386780168,19.203
Cl2V_164.vasp,40.615833,7.30135,35.453,1.1166667,0.16499159,1.35,2.6499999,1.63,20.75376,4.3273244,14.634,2.5843709,1.4543127,0.527662,0.77916664,0.0011785103,0.7775,4.3333335,0.942809,3.0,5.0,0.4714045,4.0,3.0,2.0,0.0,2.0,3.3333333,0.0,1.3333334,0.4714045,2.0,0.0,0.0,0.0,0.6666667,0.47140452,0.0,1.0,2.3333333,3.2998316,0.0,0.0,6.3333335,0.942809,7.0,5.0,842.0667,948.18304,2183.0,84.0,99.0,99.0,8.32,17.39,3440.89,2.0,0.74535596,3.0,164.0,120.00001,3.6387913,6.0912538,23.28253,2.896772,2.5639502000000004e-16,2.4972975,8.727832371301329,41.4
Cl3InRb_99.vasp,61.32896,33.02259,35.453,1.3799999,0.52971685,2.35,2.416,0.82,23.520176,2.6865137,18.87041,2.3416038,1.5571337,0.383926,0.9879999,0.3416665,0.78,3.4,1.9595917,1.0,5.0,0.9797959,5.0,3.0,1.8,0.4,2.0,3.2,0.0,0.8,0.40000004,1.0,0.2,0.40000004,0.0,1.6,1.7435596,0.0,1.0,0.0,0.0,0.0,0.0,5.0,2.529822,7.0,1.0,251.40198,104.538185,429.75,77.0,99.0,99.0,15.76,17.39,2105.89,3.0,0.66332495,5.0,8.0,90.13919,5.4523335,5.4529595,32.420696,3.141177,0.42820385,3.790632,3.8701964643423374,25.207
Cl4Os_65.vasp,66.4084,61.910797,35.453,1.0600001,0.11999998,1.3,2.968,2.2,22.450912,2.7254562,17.0,3.1057403,1.0139695,1.0778013,0.75859994,0.042799994,0.673,5.2,0.39999998,5.0,5.0,1.1999999,6.0,3.0,2.0,0.0,2.0,4.0,0.0,1.2,0.4,2.0,0.0,0.0,0.0,0.8,0.40000004,0.0,1.0,0.8,1.6000001,0.0,0.0,7.2,0.39999998,8.0,7.0,798.4801,1253.76,3306.0,91.8,99.0,99.0,8.42,17.39,5045.89,2.0,0.82462114,5.0,65.0,90.0,5.9133024,5.9133015,25.154015,4.383942,0.059175417,2.3861973,13.526242206137912,70.448
Cl6Cs2Ge_225.vasp,61.240993,39.988403,35.453,1.3833333,0.6548961,2.6,2.5055554,0.79,22.792374,2.4393396,15.93461,2.6502542,1.3768092,0.47163025,1.0077777,0.4288169,0.77,3.7777777,1.7497796,1.0,5.0,1.2272623,6.0,3.0,1.7777778,0.4157397,2.0,3.5555556,0.0,0.7777778,0.4157397,1.0,0.22222222,0.4157397,0.0,1.1111112,1.0999439,0.0,1.0,0.0,0.0,0.0,0.0,5.3333335,2.4944382,7.0,1.0,316.02002,320.98193,1211.4,77.111115,99.0,99.0,13.63,17.39,2853.89,3.0,0.71145827,9.0,225.0,59.999996,7.3111854,7.3111854,30.704765,3.3119633,0.5610092,3.6654654,4.579223705164997,32.868
Cl6Cs2KY_225.vasp,60.65331,39.387695,35.453,1.52,0.67052215,2.6,2.258,0.79,23.304535,4.400178,12.2236,2.3428187,1.5560638,0.30712,1.0859998,0.42433947,0.78,3.4,1.9595919,1.0,5.0,1.2206556,6.0,3.0,1.7,0.45825756,2.0,3.0,0.0,0.8,0.6,2.0,0.3,0.45825756,0.0,0.6,0.48989797,0.0,1.0,0.9,2.7,0.0,0.0,4.8,2.7495453,7.0,1.0,376.831,478.35443,1799.0,64.5,99.0,99.0,17.39,17.39,3369.89,4.0,0.6480741,10.0,225.0,60.0,8.029149,8.029149,36.601055,2.7517562,0.5426656,4.019257,2.8897000766124608,21.997
Cl6Cs2LiMo_225.vasp,58.14099,42.799675,6.941,1.4100001,0.61999995,2.6,2.368,0.79,28.099682,16.005373,16.16,2.398499,1.4888949,0.47163025,0.99749994,0.40781888,0.775,3.3,2.1,0.0,5.0,1.3453624,6.0,3.0,1.6,0.48989797,2.0,3.0,0.0,0.8,0.6,2.0,0.4,0.489898,0.0,0.6,0.48989797,0.0,1.0,0.5,1.5,0.0,0.0,5.1,2.7,7.0,1.0,498.247,804.2849,2896.0,67.8,99.0,99.0,9.38,17.39,4672.89,4.0,0.6480741,10.0,225.0,60.0,7.324991,7.324991,27.791138,3.473963,0.4667488,3.664105,3.808584216783922,30.488
Cl6InK2Sb_225.vasp,52.74926,32.83698,35.453,1.3399999,0.47212288,2.2,2.443,0.82,24.162827,4.437489,16.626,2.4110596,1.4807426,0.383926,0.949,0.28942874,0.78,3.6,1.8000001,1.0,5.0,0.8,5.0,3.0,1.8,0.4,2.0,3.4,0.0,0.8,0.4,1.0,0.2,0.4,0.0,1.4,1.4282856,0.0,1.0,0.0,0.0,0.0,0.0,5.2,2.4413111,7.0,1.0,303.61905,219.73682,903.78,78.1,99.0,99.0,15.76,17.39,2105.89,4.0,0.6480741,10.0,225.0,60.0,7.93115,7.93115,35.27715,2.4829729,0.5133364,3.9679625,3.168805629299631,22.787
Cl6InRb2Sb_225.vasp,62.023163,34.192,35.453,1.37,0.52735186,2.35,2.443,0.82,23.295734,3.1237664,16.626,2.4079509,1.484759,0.383926,0.97699994,0.34479123,0.78,3.6,1.8000001,1.0,5.0,0.97979593,5.0,3.0,1.8,0.4,2.0,3.4,0.0,0.8,0.4,1.0,0.2,0.4,0.0,1.4,1.4282856,0.0,1.0,0.0,0.0,0.0,0.0,5.2,2.4413111,7.0,1.0,298.80502,219.22612,903.78,77.9,99.0,99.0,15.76,17.39,2105.89,4.0,0.6480741,10.0,225.0,60.0,7.9607015,7.9607015,35.67295,2.8871143,0.51733947,3.9829292,2.921479761196641,22.65
Cl6K3Sc_225.vasp,37.49688,2.9731383,35.453,1.4200001,0.54,2.2,2.278,0.82,25.055662,5.3752317,12.79977,2.3368926,1.5649223,0.1882,1.0124999,0.3336559,0.78,3.4,1.9595919,1.0,5.0,0.48989797,4.0,3.0,1.7,0.45825756,2.0,3.0,0.0,0.8,0.6,2.0,0.3,0.45825756,0.0,0.6,0.48989797,0.0,1.0,0.9,2.7,0.0,0.0,4.8,2.7495453,7.0,1.0,385.31903,481.90506,1814.0,64.3,99.0,99.0,15.0,17.39,2863.89,3.0,0.678233,10.0,225.0,60.0,7.7250752,7.7250752,32.598164,1.910078,0.54557395,3.8698933,3.9379819000057807,24.554
Cl6NaRb2Sc_225.vasp,45.159927,20.751755,22.989769,1.4100001,0.54442626,2.35,2.289,0.82,25.754705,8.1164055,12.79977,2.338431,1.5632012,0.1882,1.0044999,0.34644228,0.78,3.4,1.9595919,1.0,5.0,0.8062258,5.0,3.0,1.7,0.45825756,2.0,3.0,0.0,0.8,0.6,2.0,0.3,0.45825756,0.0,0.6,0.48989797,0.0,1.0,0.9,2.7,0.0,0.0,4.8,2.7495453,7.0,1.0,383.93903,482.28528,1814.0,64.2,99.0,99.0,15.0,17.39,2863.89,4.0,0.6480741,10.0,225.0,60.0,7.3407288,7.3407288,27.97065,2.6810184,0.4681556,3.672008,4.650512597015061,32.017
Cl6Tl2W_225.vasp,89.48051,76.61074,35.453,1.2388889,0.36951753,1.9,2.728889,1.62,22.234272,2.4917455,16.37,2.5703027,1.480381,0.3200532,0.9012963,0.23052481,0.76666665,4.0,1.6329932,1.0,5.0,1.4142135,6.0,3.0,2.0,0.0,2.0,3.5555556,0.0,1.1111112,0.31426966,2.0,0.0,0.0,0.0,1.7777778,1.7497796,0.0,1.0,0.6666667,1.8856182,0.0,0.0,6.0,1.6329932,7.0,3.0,653.1778,1088.107,3695.0,89.44444,99.0,99.0,9.47,17.39,5588.89,3.0,0.71145827,9.0,225.0,59.999958,6.9798727,6.979869,26.716818,5.561511,0.46292913,3.4910986,5.608997623273278,46.606
Co2MgO6Ti_8.vasp,28.60348,17.839619,15.9994,0.9200001,0.39382738,1.5,2.725,1.31,27.350628,9.56293,13.5755,0.9746707,0.6609417,-0.42,1.0808334,0.22117896,0.7683333,4.2,1.6,2.0,4.0,0.90000004,4.0,2.0,2.0,0.0,2.0,2.4,0.0,1.2,0.59999996,2.0,0.0,0.0,0.0,1.2,0.97979593,0.0,2.0,1.4,2.497999,0.0,0.0,2.8,1.2489996,5.0,2.0,672.88,797.5839,1941.0,85.8,101.0,101.0,6.67,17.36,3469.8,4.0,0.6480741,10.0,1.0,76.37009,6.414233,5.9080496,10.888222,4.3622546,0.09173224,2.0862377,24.44969459716229,144.377
Co4O4_139.vasp,37.466297,21.466896,15.9994,0.975,0.375,1.35,2.66,1.88,26.10276,9.01836,17.0844,1.0616852,0.39942017,0.662265,1.0141666,0.24583334,0.7683333,5.5,1.5,4.0,4.0,1.0,4.0,2.0,2.0,0.0,2.0,2.0,0.0,1.5,0.5,2.0,0.0,0.0,0.0,1.0,1.0,0.0,0.0,1.5,1.5,0.0,0.0,3.5,1.5,5.0,2.0,911.4,856.6,1768.0,82.5,101.0,64.0,6.67,6.67,3109.8,2.0,0.70710677,8.0,67.0,90.07736,4.5017715,5.2125263,9.963061,6.244491,0.0002089842,2.0953612,21.835461232687912,146.712
CoF6Li3_225.vasp,19.37466,14.246104,6.941,0.87000006,0.4539824,1.45,2.87,0.98,45.382957,20.488459,17.0844,2.292355,1.3580936,0.6180492,0.76983327,0.087208085,0.705,4.0,2.04939,1.0,5.0,0.59999996,4.0,2.0,1.7,0.45825756,2.0,3.0,0.0,0.8,0.6,2.0,0.3,0.45825756,0.0,0.6,0.48989797,0.0,1.0,0.3,0.90000004,0.0,0.0,0.2,1.8330302,5.0,-1.0,345.025,506.96133,1768.0,71.2,102.0,102.0,6.67,11.2,3114.97,3.0,0.678233,10.0,225.0,59.999996,5.3600554,5.3600545,10.889118,2.9545443,0.3306581,2.6805017,13.561881285789417,83.316
CoPtSc2_225.vasp,85.982254,63.247852,44.955914,1.475,0.125,1.6,1.72,1.36,15.310986,2.564834,12.79977,0.7909425,0.7942204,0.1882,0.8358334,0.050846994,0.7683333,2.25,2.772634,0.0,1.0,0.8660254,6.0,4.0,1.75,0.4330127,2.0,0.0,0.0,2.0,0.0,2.0,0.25,0.4330127,0.0,0.0,0.0,0.0,0.0,5.5,3.5707142,1.0,9.0,4.25,1.299038,6.0,3.0,1859.35,106.77111,2041.4,42.5,68.0,19.0,6.67,15.0,995.0,3.0,0.61237246,4.0,225.0,60.0,4.5729556,4.5729556,16.90503,8.445824,7.3643866e-16,2.8003519,21.452404483871213,124.731
CoRh2Sn_139.vasp,95.863556,22.276611,58.933193,1.375,0.04330128,1.45,2.1,1.88,16.969368,1.4087696,14.63307,1.0150298,0.20405719,0.662265,0.7720833,0.034768574,0.745,2.25,2.8613808,0.0,0.0,0.4330127,5.0,5.0,1.5,0.5,2.0,0.5,0.0,1.75,0.4330127,2.0,0.5,0.5,0.0,1.0,1.7320508,0.0,0.0,1.75,1.0897248,0.0,2.0,5.25,0.8291562,6.0,4.0,1686.77,708.607,2237.0,69.25,83.0,65.0,6.67,8.28,1093.0,3.0,0.61237246,4.0,139.0,77.74821,4.602126,4.602126,14.94516,10.651286,0.0,2.7167125,31.898269247699883,181.089
CoRu3Y2_166.vasp,89.992485,14.917412,58.933193,1.475,0.2304886,1.8,1.82,1.22,15.301934,2.17973,12.2236,0.73594207,0.33224612,0.30712,0.8052222,0.1702949,0.661,1.5,2.5,0.0,0.0,0.372678,5.0,5.0,1.5,0.5,2.0,0.0,0.0,2.0,0.0,2.0,0.5,0.5,0.0,0.0,0.0,0.0,0.0,5.0,2.828427,3.0,3.0,5.8333335,2.2669117,8.0,3.0,2197.8333,409.29712,2607.0,50.0,64.0,62.0,6.67,8.17,1223.0,3.0,0.62360954,6.0,166.0,60.35633,5.2488427,5.248857,17.179585,8.698465,0.21548373,3.0815308,26.722819906274708,158.953
CoS4Zn3_115.vasp,47.92752,15.985968,32.065,1.175,0.17500001,1.35,2.14375,1.65,20.541136,2.8096926,17.0844,0.88883543,1.2514502,-0.62,0.86604166,0.03693028,0.7683333,6.625,2.7810745,4.0,4.0,0.5,4.0,3.0,2.0,0.0,2.0,2.0,0.0,1.5,0.5,2.0,0.0,0.0,0.0,1.0,1.0,0.0,0.0,0.375,0.99215674,0.0,0.0,4.375,1.8666481,6.0,2.0,674.935,436.49692,1768.0,83.5,94.0,94.0,6.67,15.53,2482.13,3.0,0.63737744,8.0,115.0,90.0,3.822791,10.791487,19.712986,4.0372133,0.02251202,2.3519871,10.35114493396158,65.976
CoSe4Ti2_12.vasp,67.21531,13.984985,47.867,1.25,0.11649648,1.4,2.1657145,1.54,18.431341,3.3710105,13.5755,1.2708247,0.8845025,0.075545,0.93214285,0.09721403,0.7683333,3.857143,1.5518258,2.0,4.0,0.0,4.0,4.0,2.0,0.0,2.0,2.2857144,0.0,1.4285715,0.49487168,2.0,0.0,0.0,0.0,1.1428572,0.9897433,0.0,2.0,2.7142856,3.493434,0.0,0.0,5.285714,0.8806306,6.0,4.0,1089.4286,689.61145,1941.0,76.85714,93.0,93.0,6.67,16.42,2602.0,3.0,0.65465367,7.0,12.0,90.0,6.1436243,6.842114,18.463652,6.0450478,0.038510866,2.5551307,15.065164077136226,96.76
Cr2KS4_10.vasp,38.764362,8.699715,32.065,1.2857143,0.412063,2.2,2.0657141,0.82,22.56416,4.75656,16.486305,1.4516515,0.7242133,0.5014591,0.9885715,0.21852939,0.88,2.4285715,1.8405855,0.0,4.0,0.49487168,4.0,3.0,1.5714285,0.49487168,2.0,2.2857144,0.0,1.1428572,0.63887656,2.0,0.42857143,0.49487168,0.0,1.1428572,0.9897433,0.0,2.0,1.4285715,2.25877,0.0,0.0,5.285714,1.7496356,6.0,1.0,892.85284,814.2519,2180.0,71.42857,94.0,94.0,7.23,15.53,2226.13,3.0,0.65465367,7.0,10.0,90.0,5.8732,7.650083,22.356833,2.8791971,0.27882448,3.1808562,11.501874359270117,59.941
Cr2P4_12.vasp,37.981205,9.910026,30.973763,1.1333333,0.1885618,1.4,2.0133333,1.66,18.675095,1.5477078,16.486305,0.72301847,0.03335937,0.6758412,0.68,0.18384777,0.55,2.0,1.4142135,0.0,3.0,0.4714045,4.0,3.0,1.6666666,0.47140452,2.0,2.0,0.0,1.3333334,0.47140452,2.0,0.33333334,0.47140452,0.0,2.0,1.4142135,0.0,3.0,1.6666666,2.3570228,0.0,0.0,5.3333335,0.4714045,6.0,5.0,938.1999,878.08514,2180.0,79.0,90.0,90.0,7.23,17.02,2394.0,2.0,0.74535596,6.0,12.0,69.69886,4.331228,6.350833,12.496636,5.0469003,0.08793002,2.3866935,40.16286737196136,186.156
Cr2Si6V_21.vasp,35.938522,11.109559,28.0855,1.1944444,0.13425605,1.4,1.8166667,1.63,16.186857,0.5520041,14.634,1.1351635,0.3619698,0.527662,0.6552778,0.16891994,0.54,1.6666666,0.94280905,0.0,2.0,0.4714045,4.0,3.0,1.7777778,0.4157397,2.0,1.3333334,0.0,1.3333334,0.47140452,2.0,0.22222222,0.4157397,0.0,2.6666667,1.8856181,0.0,4.0,1.8888888,2.7261875,0.0,0.0,4.5555553,0.8314794,6.0,4.0,1851.6666,232.87526,2183.0,75.333336,85.0,85.0,7.23,12.06,736.0,3.0,0.71145827,9.0,21.0,119.78469,4.468334,6.344264,12.21515,4.885517,0.008837979,2.4890957,35.63706229507103,185.954
Cr2Te4V_12.vasp,95.04767,37.5896,50.9415,1.3928572,0.017496338,1.4,1.9071429,1.63,17.429516,1.467473,14.634,1.3946925,0.66688883,0.527662,1.1186904,0.20780209,0.7775,2.7142856,1.7496355,0.0,4.0,0.49487165,5.0,5.0,1.7142857,0.4517539,2.0,2.2857144,0.0,1.4285715,0.49487168,2.0,0.2857143,0.4517539,0.0,1.1428572,0.9897433,0.0,2.0,2.4285715,2.871393,0.0,0.0,5.857143,0.34992713,6.0,5.0,1347.663,721.6917,2183.0,76.57143,92.0,92.0,7.23,20.46,2419.0,3.0,0.65465367,7.0,12.0,90.0,6.9906254,7.2723413,24.531624,6.4337516,0.034453988,2.7907212,6.626488672679144,53.096
Cr3Nb_225.vasp,62.22367,17.71467,51.9961,1.4125,0.021650666,1.45,1.645,1.6,15.944729,0.93803775,14.32,0.73623264,0.10460105,0.6758412,0.91,0.051961526,0.82,0.0,0.0,0.0,0.0,0.4330127,5.0,4.0,1.0,0.0,1.0,0.0,0.0,2.0,0.0,2.0,1.0,0.0,1.0,0.0,0.0,0.0,0.0,5.25,0.4330127,5.0,5.0,5.75,0.4330127,6.0,5.0,2322.5,246.81725,2750.0,56.0,57.0,57.0,7.23,7.23,2073.0,2.0,0.7905694,4.0,225.0,60.0,4.217393,4.217393,13.260416,7.7919755,0.0,2.5826151,47.15988215368555,217.638
Cr4P4_62.vasp,41.484932,10.511169,30.973763,1.2,0.19999999,1.4,1.925,1.66,18.127897,1.641592,16.486305,0.7112242,0.035382956,0.6758412,0.745,0.195,0.55,1.5,1.5,0.0,0.0,0.5,4.0,3.0,1.5,0.5,2.0,1.5,0.0,1.5,0.5,2.0,0.5,0.5,0.0,1.5,1.5,0.0,0.0,2.5,2.5,0.0,0.0,5.5,0.5,6.0,5.0,1248.65,931.35,2180.0,73.5,90.0,57.0,7.23,7.23,2394.0,2.0,0.70710677,8.0,62.0,90.0,5.314311,5.8870726,11.957068,5.761224,6.317388e-06,2.2921505,43.60383985453,221.058
CrF6Tl2_225.vasp,63.861458,75.79925,18.998404,0.9111111,0.59711236,1.9,3.1977777,1.62,29.68531,7.5514326,16.486305,2.4136763,1.3999082,0.3200532,0.8705556,0.25734967,0.705,3.5555556,2.0608041,0.0,5.0,1.6629587,6.0,2.0,1.8888888,0.31426966,2.0,3.5555556,0.0,1.1111112,0.31426966,2.0,0.11111111,0.31426966,0.0,1.7777778,1.7497796,0.0,1.0,0.5555556,1.5713484,0.0,0.0,0.6666667,2.4944384,6.0,-1.0,406.1311,662.5681,2180.0,91.666664,102.0,102.0,7.23,11.2,2858.97,3.0,0.71145827,9.0,225.0,60.0,5.9675217,5.9675217,16.696465,6.3513117,0.454696,2.9912999,7.352044387803116,64.317
CrOsV2_225.vasp,86.027275,60.16301,50.9415,1.3499999,0.03535535,1.4,1.78,1.63,15.688576,1.0701013,14.634,0.70224166,0.22511008,0.527662,0.79199994,0.09550589,0.673,3.0,2.1213202,0.0,3.0,0.8660254,6.0,4.0,1.75,0.4330127,2.0,0.0,0.0,2.0,0.0,2.0,0.25,0.4330127,0.0,0.0,0.0,0.0,0.0,5.75,1.299038,4.0,7.0,6.0,1.2247449,8.0,5.0,2463.0,486.70782,3306.0,57.0,63.0,54.0,7.23,8.32,2341.0,3.0,0.61237246,4.0,225.0,60.0,4.21812,4.21812,13.267277,10.767217,3.4440898e-06,2.583057,49.53314456165176,250.851
Cs2F4O2W_12.vasp,61.960373,63.70836,15.9994,1.0833334,0.8498365,2.6,2.971111,0.79,30.312263,6.9107633,16.37,2.0318332,1.2692113,0.47163025,1.0807407,0.44612813,0.705,3.7777777,1.5475987,1.0,5.0,1.8856181,6.0,2.0,1.7777778,0.4157397,2.0,3.1111112,0.0,0.8888889,0.56655777,2.0,0.22222222,0.4157397,0.0,0.8888889,0.73702776,0.0,1.0,0.6666667,1.8856182,0.0,0.0,0.8888889,2.182987,6.0,-1.0,513.54443,1129.3486,3695.0,75.666664,102.0,102.0,9.47,11.2,5742.97,4.0,0.5555556,9.0,12.0,58.615376,6.342594,4.9702625,18.960278,5.426482,0.53315026,3.1625104,14.033463859786318,93.165
Cs2F6HgSb_225.vasp,70.21513,65.76743,18.998404,1.115,0.8330816,2.6,2.9509997,0.79,29.152264,7.3483315,16.626,2.18778,1.5283016,-0.52,0.99249995,0.43848744,0.705,4.5,2.4186773,1.0,5.0,1.8574176,6.0,2.0,1.8,0.4,2.0,3.3,0.0,0.9,0.53851646,2.0,0.2,0.4,0.0,0.9,0.83066237,0.0,1.0,0.0,0.0,0.0,0.0,0.5,2.156386,5.0,-1.0,206.246,254.05824,903.78,79.0,102.0,102.0,11.2,11.2,1774.97,4.0,0.6480741,10.0,225.0,60.0,7.028559,7.028559,24.551834,4.748931,0.5903148,3.5369718,4.060749855544822,36.428
Cs2F6RbTa_225.vasp,64.6217,59.81688,18.998404,1.2,0.9080198,2.6,2.7779999,0.79,29.962933,6.630743,16.2,2.2159436,1.4522356,0.32312,1.033,0.47869194,0.705,3.6,1.8000001,1.0,5.0,1.8574176,6.0,2.0,1.7,0.45825756,2.0,3.0,0.0,0.8,0.6,2.0,0.3,0.45825756,0.0,0.6,0.48989797,0.0,1.0,0.7,2.1000001,0.0,0.0,0.2,1.8330302,5.0,-1.0,452.68198,952.45087,3290.0,68.9,102.0,102.0,10.85,11.2,5645.97,4.0,0.6480741,10.0,225.0,60.0,6.799321,6.799321,22.227041,4.8277617,0.5260932,3.4131408,5.268243987974038,44.836
Cs2Hg6_194.vasp,183.66885,29.308266,132.90546,1.775,0.47631395,2.6,1.6975,0.79,19.857021,1.9055027,18.75688,-0.27209243,0.4293885,-0.52,1.38625,0.24465215,1.245,7.75,3.8971143,1.0,10.0,0.0,6.0,6.0,1.75,0.4330127,2.0,0.0,0.0,1.5,0.8660254,2.0,0.25,0.4330127,0.0,0.0,0.0,0.0,0.0,0.0,0.0,0.0,0.0,3.25,1.299038,4.0,1.0,251.13751,29.12876,301.59,57.5,74.0,74.0,14.09,14.09,314.12,2.0,0.7905694,8.0,194.0,119.99943,7.8842254,5.528327,37.201027,8.198411,0.26125976,3.8488076,1.0612048374046414,15.107
Cs2I6InY_225.vasp,123.09615,12.316529,88.90585,1.6949999,0.46821466,2.6,2.0540001,0.79,19.219646,2.8306553,12.2236,1.998862,1.2991885,0.30712,1.324,0.2675643,0.94,3.4,1.9595919,1.0,5.0,0.4,6.0,5.0,1.8,0.4,2.0,3.1,0.0,0.9,0.53851646,2.0,0.2,0.4,0.0,1.1,1.3747728,0.0,1.0,0.9,2.7,0.0,0.0,5.0,2.529822,7.0,1.0,515.30304,429.59805,1799.0,70.2,97.0,97.0,15.76,25.72,3151.6,4.0,0.6480741,10.0,225.0,60.0,9.03231,9.03231,52.105236,3.922945,0.58606076,4.518999,1.540477627529506,15.018
Cs3F6Y_225.vasp,60.161266,51.834053,18.998404,1.26,0.9562426,2.6,2.747,0.79,29.15208,7.7299795,12.2236,2.212915,1.4560307,0.30712,1.0699999,0.49427217,0.705,3.4,1.9595919,1.0,5.0,1.8574176,6.0,2.0,1.7,0.45825756,2.0,3.0,0.0,0.8,0.6,2.0,0.3,0.45825756,0.0,0.6,0.48989797,0.0,1.0,0.9,2.7,0.0,0.0,0.0,1.3416407,3.0,-1.0,302.49503,511.0216,1799.0,66.1,102.0,102.0,11.2,11.2,3523.97,3.0,0.678233,10.0,225.0,60.0,7.0082703,7.0082703,24.33983,4.1043887,0.54353184,3.5182486,5.431821093683442,42.577
Cs4Te6_36.vasp,129.72218,2.5991333,127.6,1.8799999,0.5878775,2.6,1.576,0.79,20.422981,2.232685,18.6,1.3711776,0.7344773,0.47163025,1.4999999,0.25311393,1.2933333,2.8,1.4696939,1.0,4.0,0.48989797,6.0,5.0,1.6,0.48989797,2.0,2.4,0.0,0.6,0.48989797,1.0,0.4,0.489898,0.0,1.2,0.97979593,0.0,2.0,0.0,0.0,0.0,0.0,4.0,2.4494898,6.0,1.0,554.23206,206.28133,722.66,58.4,92.0,92.0,20.46,20.46,317.0,2.0,0.7211103,10.0,36.0,109.74676,7.552936,8.76626,47.067986,4.5765452,0.5226446,3.8845334,2.0059350239182847,19.488
CsF3In_221.vasp,60.943737,51.689762,18.998404,1.1299999,0.84000003,2.6,2.902,0.79,29.388058,6.970548,18.87041,2.2118251,1.4569323,0.383926,0.97299993,0.4282826,0.705,3.4,1.9595917,1.0,5.0,1.7435595,6.0,2.0,1.8,0.4,2.0,3.2,0.0,0.8,0.40000004,1.0,0.2,0.40000004,0.0,1.6,1.7435596,0.0,1.0,0.0,0.0,0.0,0.0,0.2,1.6,3.0,-1.0,178.38602,158.19617,429.75,78.6,102.0,102.0,11.2,11.2,2259.97,3.0,0.66332495,5.0,221.0,90.0,4.674301,4.674301,20.425844,4.9544806,0.38723177,3.30523,6.771811946063003,47.572
Cu2F4_14.vasp,33.8476,20.999939,18.998404,0.7833333,0.40069383,1.35,3.2866666,1.9,30.078003,6.919473,20.29239,2.679388,1.0207821,1.235784,0.74333334,0.054211523,0.705,3.6666667,1.885618,1.0,5.0,0.94280905,4.0,2.0,1.6666666,0.47140452,2.0,3.3333333,0.0,1.3333334,0.47140452,2.0,0.33333334,0.47140452,0.0,0.6666667,0.4714045,0.0,1.0,0.0,0.0,0.0,0.0,0.6666667,2.3570228,4.0,-1.0,488.2767,614.82465,1357.77,92.0,102.0,102.0,7.11,11.2,3114.97,2.0,0.74535596,6.0,14.0,90.00013,4.5233183,4.6128535,11.348598,4.9526176,1.4191849e-05,1.9064867,22.842318532828678,128.237
Cu2FeInTe4_82.vasp,101.01938,31.356323,55.845,1.40625,0.058296103,1.55,1.9762499,1.78,18.756802,1.1920886,16.19921,1.3615291,0.7011166,0.15323634,1.0757291,0.22035615,0.82,3.125,1.763342,1.0,4.0,0.48412293,5.0,5.0,1.75,0.4330127,2.0,2.125,0.0,1.375,0.48412293,2.0,0.25,0.4330127,0.0,1.625,1.57619,0.0,2.0,0.5,1.3228756,0.0,0.0,5.125,1.1659224,6.0,3.0,980.8662,439.26727,1811.0,81.5,92.0,92.0,7.09,20.46,1939.0,4.0,0.586302,8.0,82.0,90.0,6.12419,7.5049663,28.736744,5.8373566,0.08629704,2.8508496,5.462109797059905,44.788
Cu2LiO4P_82.vasp,28.625546,21.072163,6.941,0.94375,0.3643809,1.45,2.59125,0.98,34.559856,17.010006,19.76949,1.2100807,0.31989917,0.6180492,1.01625,0.2611483,0.55,2.75,1.3919411,1.0,4.0,0.85695684,4.0,2.0,1.625,0.48412293,2.0,2.375,0.0,1.125,0.59947896,2.0,0.375,0.48412293,0.0,1.375,1.1110243,0.0,2.0,0.0,0.0,0.0,0.0,2.75,1.299038,5.0,1.0,463.21625,534.9124,1357.77,81.25,101.0,101.0,7.11,17.36,3109.8,4.0,0.586302,8.0,82.0,73.316765,5.339822,5.339822,10.884759,4.3670087,0.25112197,2.1317394,25.84181007005865,143.186
Cu2Si2Y_139.vasp,54.43377,23.421581,28.0855,1.3399999,0.2557342,1.8,1.7639999,1.22,17.100016,3.0099661,12.2236,1.111546,0.40804705,0.30712,0.752,0.19082975,0.54,1.4,0.48989797,1.0,1.0,0.7483314,5.0,3.0,1.6,0.48989794,2.0,0.8,0.0,1.6,0.48989797,2.0,0.4,0.48989797,0.0,1.6,1.9595919,0.0,0.0,1.8,3.5999997,0.0,0.0,3.8,0.4,4.0,3.0,1577.708,184.17656,1799.0,67.8,85.0,72.0,7.11,7.11,436.0,3.0,0.6,5.0,139.0,89.99999,3.9545672,5.7045383,15.551549,5.8122444,0.26917553,3.0326452,23.53687250971335,124.839
Cu2Te2Tl_139.vasp,117.33506,52.10501,63.546,1.48,0.21118711,1.9,1.924,1.62,19.642616,0.85273796,18.6,1.3466746,0.60955703,0.3200532,1.1118332,0.23870972,0.82,2.2,1.4696938,1.0,1.0,0.74833155,6.0,4.0,1.6,0.48989794,2.0,1.8,0.0,1.4,0.48989794,2.0,0.4,0.48989797,0.0,1.8,1.8330305,0.0,0.0,0.0,0.0,0.0,0.0,4.6,1.1999999,6.0,3.0,947.57196,339.1222,1357.77,81.2,92.0,72.0,7.11,7.11,1939.0,3.0,0.6,5.0,139.0,90.00001,4.015685,8.232736,24.922472,7.817822,0.38813573,3.5851529,7.0772921588730044,55.226
Cu3Fe_65.vasp,61.620754,3.334631,55.845,1.3625,0.021650614,1.4,1.8825,1.83,19.269094,1.7723995,16.19921,0.96514714,0.4687569,0.15323634,0.828125,0.014072926,0.82,2.25,2.1650636,1.0,1.0,0.0,4.0,4.0,1.25,0.4330127,2.0,0.0,0.0,2.0,0.0,2.0,0.75,0.4330127,1.0,0.0,0.0,0.0,0.0,1.0,1.7320508,0.0,0.0,4.5,0.8660254,6.0,4.0,1471.0775,196.25433,1811.0,69.25,72.0,72.0,7.09,7.11,66.0,2.0,0.7905694,4.0,65.0,108.51863,2.475741,8.231361,11.960004,8.555488,3.1401849000000005e-16,2.475741,23.94999837553101,145.076
Cu3K3P2_166.vasp,46.235054,13.773255,30.973763,1.58125,0.49808228,2.2,1.5675001,0.82,24.411394,5.5913043,19.76949,0.83811796,0.32233152,0.5014591,1.015,0.4049074,0.55,1.5,0.8660254,1.0,1.0,0.4330127,4.0,4.0,1.25,0.4330127,2.0,0.75,0.0,1.0,0.8660254,2.0,0.75,0.4330127,1.0,0.75,1.299038,0.0,0.0,0.0,0.0,0.0,0.0,3.125,1.6909686,5.0,1.0,714.6875,498.18524,1357.77,53.25,90.0,10.0,7.11,7.11,2650.0,3.0,0.586302,8.0,166.0,44.826267,7.4198556,7.4198556,23.08832,3.3252795,0.5641531,3.5926254,7.408164456250566,47.422
Cu3Mg3Y3_189.vasp,58.918953,26.575361,24.305,1.55,0.18708283,1.8,1.4766667,1.22,15.85042,3.3441188,12.2236,0.37430134,0.6776382,-0.42,0.90666664,0.095684655,0.82,1.3333334,0.47140452,1.0,1.0,0.8164966,5.0,3.0,1.6666666,0.47140452,2.0,0.0,0.0,1.3333334,0.94280905,2.0,0.33333334,0.47140452,0.0,0.0,0.0,0.0,0.0,3.0,4.2426405,0.0,0.0,3.0,0.8164966,4.0,2.0,1359.9233,357.62875,1799.0,56.666668,73.0,25.0,7.11,7.11,2246.0,3.0,0.57735026,9.0,189.0,120.000046,7.447405,3.985648,21.271406,4.599471,0.1404485,3.0002768,8.841260977555791,62.507
Cu3NaO4_2.vasp,34.70317,22.450653,15.9994,1.03125,0.4527261,1.8,2.54875,0.93,31.081001,9.199771,20.29239,1.2624625,0.28951105,0.54792625,1.0825,0.20577596,0.82,2.5,1.5,1.0,1.0,0.9270248,4.0,2.0,1.5,0.5,2.0,2.0,0.0,1.25,0.6614378,2.0,0.5,0.5,0.0,1.0,1.0,0.0,0.0,0.0,0.0,0.0,0.0,2.625,1.1110243,4.0,1.0,582.92255,608.4597,1357.77,78.875,101.0,101.0,7.11,17.36,3109.8,3.0,0.63737744,8.0,1.0,64.66963,5.894954,3.7101274,13.337472,4.3206067,0.16252117,2.377452,9.08996256086848,66.256
Cu3O4Ti_10.vasp,37.812824,22.335447,15.9994,0.98125,0.38155723,1.4,2.625,1.54,26.867144,8.506339,13.5755,1.2034148,0.43886948,0.075545,1.0439583,0.21625912,0.82,2.625,1.4086784,1.0,4.0,1.0,4.0,2.0,1.625,0.48412293,2.0,2.0,0.0,1.5,0.5,2.0,0.375,0.48412293,0.0,1.0,1.0,0.0,0.0,1.0,2.6457512,0.0,0.0,3.0,1.0,4.0,2.0,779.1888,746.0756,1941.0,83.875,101.0,101.0,7.11,17.36,3469.8,3.0,0.63737744,8.0,10.0,90.0,5.490126,5.97359,11.817262,5.313386,0.08217478,2.047665,24.261877990161583,144.334
Cu3Pd_221.vasp,74.264496,18.564985,63.546,1.3625001,0.021650614,1.4,1.9749999,1.9,20.076794,0.37342605,19.43,1.0673733,0.29169592,0.5621412,0.8265625,0.011366585,0.82,3.25,3.8971143,1.0,1.0,0.4330127,5.0,4.0,0.75,0.4330127,1.0,0.0,0.0,2.0,0.0,2.0,0.75,0.4330127,1.0,0.0,0.0,0.0,0.0,0.0,0.0,0.0,0.0,4.0,0.0,4.0,4.0,1475.3401,203.63722,1828.05,71.25,72.0,72.0,7.11,7.11,36.0,2.0,0.7905694,4.0,221.0,90.0,3.6748161,3.6748161,12.377187,9.96342,0.0,2.5954266,30.14891400031474,177.335
Cu4Fe_166.vasp,62.005806,3.0804005,55.845,1.3599999,0.01999998,1.4,1.886,1.83,19.473753,1.6372726,16.19921,1.0192745,0.43301907,0.15323634,0.82650006,0.013000011,0.82,2.0,2.0,1.0,1.0,0.0,4.0,4.0,1.2,0.4,2.0,0.0,0.0,2.0,0.0,2.0,0.8,0.40000004,1.0,0.0,0.0,0.0,0.0,0.8,1.6000001,0.0,0.0,4.4,0.8,6.0,4.0,1448.416,181.29199,1811.0,69.8,72.0,72.0,7.09,7.11,66.0,2.0,0.82462114,5.0,166.0,13.828563,10.593002,10.593001,11.818991,8.711661,0.0,2.550462,23.349814162594445,150.767
CuNiSb2_164.vasp,91.43985,30.368652,58.6934,1.4000001,0.050000012,1.45,1.9775,1.9,17.928307,1.5032263,16.626,1.1219369,0.07955041,1.0474012,0.80499995,0.03774916,0.74,3.75,2.58602,1.0,3.0,0.5,5.0,4.0,1.75,0.4330127,2.0,1.5,0.0,1.5,0.5,2.0,0.25,0.4330127,0.0,1.5,1.5,0.0,0.0,0.5,0.8660254,0.0,0.0,4.5,0.5,5.0,4.0,1223.3325,345.32242,1728.0,78.75,88.0,88.0,6.59,18.19,1340.0,3.0,0.61237246,4.0,164.0,119.99999,4.0585876,5.1098223,18.223267,8.332175,0.028428253,2.6117678,18.109229339550208,108.962
CuPbRh2_225.vasp,119.13925,53.320663,63.546,1.4625001,0.19485569,1.8,2.1975,1.9,17.871223,1.8713351,15.032499,0.96957225,0.3558562,0.3567212,0.858125,0.15567768,0.745,0.75,0.8291562,0.0,0.0,0.70710677,6.0,5.0,1.25,0.4330127,2.0,0.5,0.0,1.75,0.4330127,2.0,0.75,0.4330127,1.0,1.0,1.7320508,0.0,0.0,1.0,1.0,0.0,0.0,5.0,1.0,6.0,4.0,1608.095,683.5078,2237.0,71.0,82.0,65.0,7.11,8.28,1946.0,3.0,0.61237246,4.0,225.0,60.0,4.433285,4.433285,15.402884,12.844048,4.7022118e-06,2.7148216,29.07428050702053,180.043
CuTcTi2_225.vasp,64.32,20.471588,47.867,1.375,0.024999976,1.4,1.72,1.54,15.675848,2.7526498,13.5755,0.4847185,0.47525576,0.075545,0.81624997,0.044959478,0.7416667,2.5,1.5,1.0,2.0,0.4330127,5.0,4.0,1.75,0.4330127,2.0,0.0,0.0,2.0,0.0,2.0,0.25,0.4330127,0.0,0.0,0.0,0.0,0.0,5.25,3.269174,0.0,8.0,4.75,1.299038,7.0,4.0,1917.4425,379.82178,2430.0,58.25,72.0,51.0,7.11,10.64,1338.0,3.0,0.61237246,4.0,225.0,60.0,4.34802,4.34802,14.531139,7.3501377,3.550153e-06,2.662604,36.173470060721264,174.946
F2Pb_225.vasp,81.73226,88.719086,18.998404,0.93333334,0.6128259,1.8,3.43,2.33,28.324707,9.399011,15.032499,2.3863668,1.4351763,0.3567212,0.8441666,0.19681136,0.705,4.0,1.4142135,2.0,5.0,1.8856181,6.0,2.0,2.0,0.0,2.0,4.0,2.0,1.0,0.0,1.0,0.0,0.0,0.0,2.0,1.4142135,1.0,1.0,0.0,0.0,0.0,0.0,0.6666667,2.3570228,4.0,-1.0,235.89001,257.89597,600.61,95.333336,102.0,102.0,11.2,11.2,1936.97,2.0,0.74535596,3.0,225.0,60.000008,4.1831717,4.183171,17.253632,7.866148,2.5639502000000004e-16,2.561658,12.58571347266731,79.452
F4Nb_139.vasp,33.779995,29.56319,18.998404,0.69,0.38000005,1.45,3.5039997,1.6,30.840649,8.2603245,14.32,2.9044333,0.9935131,0.917407,0.728,0.046000008,0.705,4.0,2.0,0.0,5.0,1.1999999,5.0,2.0,1.8,0.4,2.0,4.0,0.0,1.2,0.4,2.0,0.2,0.40000004,0.0,0.8,0.40000004,0.0,1.0,1.2,2.4,0.0,0.0,0.2,2.4,5.0,-1.0,592.82404,1078.588,2750.0,92.2,102.0,102.0,10.83,11.2,4931.97,2.0,0.82462114,5.0,139.0,68.490364,5.241316,5.241316,15.076632,3.7205265,0.08785892,2.085593,22.60259847532284,104.953
F4O4Os2_2.vasp,52.045124,69.10545,15.9994,0.7,0.303315,1.3,3.4080002,2.2,31.436773,7.2186995,17.0,2.1604784,1.0226597,1.0778013,0.92059994,0.27736518,0.673,4.8,0.74833155,4.0,4.0,1.6,6.0,2.0,2.0,0.0,2.0,3.6,0.0,1.2,0.4,2.0,0.0,0.0,0.0,1.2,0.7483314,0.0,1.0,0.8,1.6,0.0,0.0,2.0,3.2863355,8.0,-1.0,704.532,1300.7341,3306.0,93.8,102.0,101.0,8.42,11.2,5199.97,3.0,0.6,10.0,2.0,62.284218,5.74808,7.487525,20.30662,4.255901,0.09873273,1.902764,9.512023486584416,66.014
F6InNa3_225.vasp,29.777775,28.402885,18.998404,0.995,0.6101024,1.8,2.8449998,0.93,37.05544,8.190145,18.87041,2.2434843,1.418605,0.383926,0.86499995,0.20501219,0.705,3.4,1.9595919,1.0,5.0,0.9165151,5.0,2.0,1.7,0.45825756,2.0,3.1,0.0,0.7,0.45825756,1.0,0.3,0.45825756,0.0,1.1,1.3747728,0.0,1.0,0.0,0.0,0.0,0.0,0.0,1.3416407,3.0,-1.0,186.354,163.47275,429.75,72.4,102.0,102.0,11.2,11.2,2259.97,3.0,0.678233,10.0,225.0,60.0,6.05957,6.05957,15.732959,3.1429024,0.3739224,3.0303216,8.767312763188555,58.657
F6K2PdRb_225.vasp,38.407482,30.168863,18.998404,1.115,0.7893193,2.35,2.8539999,0.82,31.979443,4.8314037,19.43,2.2458115,1.4151645,0.4859162,0.977625,0.38951027,0.705,4.3,2.6095977,1.0,5.0,1.264911,5.0,2.0,1.5,0.67082036,2.0,3.0,0.0,0.8,0.6,2.0,0.3,0.45825756,0.0,0.6,0.48989797,0.0,1.0,0.0,0.0,0.0,0.0,0.1,1.5779734,4.0,-1.0,313.475,519.6567,1828.05,71.0,102.0,102.0,8.56,11.2,3150.97,4.0,0.6480741,10.0,225.0,60.0,6.5713725,6.5713725,20.06565,3.178423,0.49643457,3.2967093,6.154916581855406,43.933
F6KPdRb2_139.vasp,43.044434,33.317844,18.998404,1.13,0.8109254,2.35,2.8539999,0.82,31.545893,5.0340295,19.43,2.2442572,1.4170866,0.4859162,0.99162495,0.41069305,0.705,4.3,2.6095977,1.0,5.0,1.3747727,5.0,2.0,1.5,0.67082036,2.0,3.0,0.0,0.8,0.6,2.0,0.3,0.45825756,0.0,0.6,0.48989797,0.0,1.0,0.0,0.0,0.0,0.0,0.1,1.5779734,4.0,-1.0,311.06802,519.6,1828.05,70.9,102.0,102.0,8.56,11.2,3150.97,4.0,0.6480741,10.0,139.0,90.0,6.383033,6.539454,19.280107,3.7072904,0.4603054,3.1954973,5.908058435676482,45.38
F6LiNa2Sb_225.vasp,28.8671,31.246244,6.941,0.95,0.56213874,1.8,2.8769999,0.93,39.66637,14.399257,16.626,2.3168442,1.3345548,0.54792625,0.82799995,0.17787917,0.705,3.6,1.8000001,1.0,5.0,0.92195445,5.0,2.0,1.7,0.45825756,2.0,3.3,0.0,0.7,0.45825756,1.0,0.3,0.45825756,0.0,0.9,0.83066237,0.0,1.0,0.0,0.0,0.0,0.0,0.2,1.8330302,5.0,-1.0,242.03902,270.01962,903.78,73.4,102.0,102.0,11.2,11.2,1774.97,4.0,0.6480741,10.0,225.0,60.0,5.943739,5.943739,14.84787,3.2284052,0.37444216,2.9728658,8.626647309919822,59.121
F6MgPb_148.vasp,43.186928,62.01544,18.998404,0.7875,0.5035809,1.8,3.44,1.31,29.98658,8.632941,15.032499,2.5429826,1.4990883,-0.42,0.77656245,0.14025053,0.705,4.25,1.299038,2.0,5.0,1.3169568,6.0,2.0,2.0,0.0,2.0,4.0,0.0,0.875,0.3307189,1.0,0.0,0.0,0.0,1.25,1.0897248,0.0,1.0,0.0,0.0,0.0,0.0,0.0,1.8027756,4.0,-1.0,230.59874,317.10562,923.0,95.875,102.0,102.0,11.2,11.2,1936.97,3.0,0.77055174,8.0,148.0,54.560997,5.5902877,5.590288,13.484205,5.3183393,0.03268656,2.078675,16.84959075610513,109.425
F6Na3Sb_2.vasp,30.471975,30.481651,18.998404,0.985,0.6016851,1.8,2.872,0.93,36.830994,8.7002735,16.626,2.3098319,1.343616,0.54792625,0.854,0.20363939,0.705,3.6,1.8000001,1.0,5.0,0.9165151,5.0,2.0,1.7,0.45825756,2.0,3.3,0.0,0.7,0.45825756,1.0,0.3,0.45825756,0.0,0.9,0.83066237,0.0,1.0,0.0,0.0,0.0,0.0,0.2,1.8330302,5.0,-1.0,233.757,264.61697,903.78,73.3,102.0,102.0,11.2,11.2,1774.97,3.0,0.678233,10.0,2.0,123.09474,7.2383795,7.9320164,17.455055,2.8988678,0.037678257,2.294581,6.819027383450233,46.816
F6Rb2Sn2_148.vasp,52.2346,42.04131,18.998404,1.0600001,0.74256307,2.35,2.9439998,0.82,29.36701,7.944968,14.63307,2.360311,1.2900966,0.4859162,0.921,0.372658,0.705,3.6,1.7435596,1.0,5.0,1.4696939,5.0,2.0,1.8,0.4,2.0,3.4,0.0,0.8,0.4,1.0,0.2,0.4,0.0,1.4,1.3564659,0.0,1.0,0.0,0.0,0.0,0.0,0.4,1.9595916,4.0,-1.0,195.626,184.38318,505.08,79.6,102.0,102.0,11.2,11.2,2789.97,3.0,0.66332495,10.0,148.0,62.429672,6.5226436,6.522643,20.685612,4.1931367,0.25896475,2.743711,6.748028593158431,51.455
F6Rb2TlY_225.vasp,57.821514,57.461838,18.998404,1.14,0.7999374,2.35,2.836,0.82,29.705585,7.547834,12.2236,2.2006145,1.4714109,0.30712,0.99224997,0.3879311,0.705,3.4,1.9595919,1.0,5.0,1.6155494,6.0,2.0,1.8,0.4,2.0,3.1,0.0,0.9,0.53851646,2.0,0.2,0.4,0.0,1.1,1.3747728,0.0,1.0,0.9,2.7,0.0,0.0,0.2,1.6,3.0,-1.0,332.21002,517.50854,1799.0,73.3,102.0,102.0,11.2,11.2,3523.97,4.0,0.6480741,10.0,225.0,60.0,6.8729367,6.8729367,22.956835,4.18241,0.49998197,3.445039,4.7951993746636585,39.64
F7KTi2_65.vasp,26.78211,12.103456,18.998404,0.85,0.57314914,2.2,3.1759999,0.82,30.357166,8.448999,13.5755,2.4460878,1.4630812,0.075545,0.8158333,0.2417451,0.705,4.0,1.5491934,1.0,5.0,0.9165151,4.0,2.0,1.9,0.29999998,2.0,3.5,0.0,1.1,0.53851646,2.0,0.1,0.29999998,0.0,0.7,0.45825756,0.0,1.0,1.6,3.2,0.0,0.0,0.2,1.9899749,4.0,-1.0,459.32397,745.5526,1941.0,82.6,102.0,102.0,10.64,11.2,3474.97,3.0,0.73484695,10.0,65.0,116.54335,6.1547594,4.000616,13.557394,3.2803314,0.22909434,2.792107,17.24248277921275,98.416
Fe2Ge4Y2_63.vasp,72.50771,11.689524,55.845,1.425,0.22499998,1.8,1.7675,1.22,15.073008,1.6486486,12.2236,0.7314273,0.5041931,0.15323634,0.858125,0.11027486,0.77,2.75,1.9202864,1.0,2.0,0.4330127,5.0,4.0,2.0,0.0,2.0,1.0,0.0,1.5,0.5,2.0,0.0,0.0,0.0,2.0,2.0,0.0,0.0,3.25,3.6996622,0.0,0.0,4.25,1.0897248,6.0,3.0,1508.2,296.83032,1811.0,63.5,84.0,84.0,7.09,13.63,516.0,3.0,0.61237246,8.0,63.0,150.80545,8.349827,4.31784,18.354918,6.559653,0.3551038,3.1271074,15.577144638486676,104.861
Fe2K2MgO4_8.vasp,30.909912,16.022676,15.9994,1.2333333,0.6324555,2.2,2.2633333,0.82,27.907576,8.664406,15.035271,0.7482014,0.6853509,-0.42,1.1827779,0.2524641,0.8525,3.5555556,1.7708198,1.0,4.0,0.94280905,4.0,2.0,1.7777778,0.4157397,2.0,1.7777778,0.0,0.8888889,0.73702776,2.0,0.22222222,0.4157397,0.0,0.8888889,0.99380803,0.0,0.0,0.8888889,1.6629587,0.0,0.0,2.6666667,1.8257419,6.0,1.0,604.13995,696.42114,1811.0,68.77778,101.0,101.0,7.09,17.36,3043.8,4.0,0.5555556,9.0,8.0,154.30423,7.815247,7.2270217,17.385975,2.952214,0.3203264,2.859176,8.542905053025143,54.188
Fe2Li4S4_132.vasp,26.771402,18.372852,6.941,1.26,0.21307279,1.45,1.79,0.98,42.831036,26.915014,16.19921,1.1087087,0.8087029,0.15323634,0.8825,0.017464232,0.8525,3.2,1.9390719,1.0,1.0,0.7483314,4.0,2.0,1.6,0.48989797,2.0,1.6,0.0,0.8,0.74833155,2.0,0.4,0.489898,0.0,0.8,0.97979593,0.0,0.0,0.8,1.6,0.0,0.0,4.0,2.4494898,6.0,1.0,699.0199,556.7571,1811.0,54.6,94.0,12.0,7.09,13.02,2416.13,3.0,0.6,10.0,132.0,90.0,5.770735,5.690816,18.951204,2.345759,0.074496366,2.493839,5.757522974474643,37.908
Fe2N4W2_194.vasp,66.9246,69.62862,14.0067,1.0125,0.36293077,1.4,2.5675,1.83,22.942928,6.658596,16.19921,0.2073761,0.36316508,-0.07,0.71979165,0.094781145,0.63,4.0,1.2247449,3.0,3.0,1.6583124,6.0,2.0,2.0,0.0,2.0,1.5,0.0,1.5,0.5,2.0,0.0,0.0,0.0,1.5,1.5,0.0,0.0,2.5,2.598076,0.0,0.0,5.5,0.5,6.0,5.0,1408.025,1500.8796,3695.0,79.0,100.0,100.0,7.09,13.54,5750.64,3.0,0.61237246,8.0,194.0,120.00001,2.8891184,11.049448,9.984167,11.130714,0.0397961,2.212303,43.41701980691059,286.198
Fe4STe3_99.vasp,79.780624,37.796356,32.065,1.3499999,0.13228756,1.4,2.0249999,1.83,17.99184,2.306074,16.19921,1.0753347,0.9226718,0.15323634,1.02125,0.21093415,0.8525,5.0,1.0,4.0,4.0,0.6614378,5.0,4.0,2.0,0.0,2.0,2.0,0.0,1.5,0.5,2.0,0.0,0.0,0.0,1.0,1.0,0.0,0.0,2.0,2.0,0.0,0.0,6.0,0.0,6.0,6.0,1225.0425,594.83057,1811.0,76.75,94.0,61.0,7.09,7.09,2416.13,3.0,0.63737744,8.0,99.0,90.0,3.681551,12.828124,21.733757,6.0955334,0.20290531,2.5842233,13.333158580506288,88.858
FeMg2O6W_146.vasp,38.429134,49.86499,15.9994,0.93500006,0.41234088,1.5,2.7450001,1.31,27.336649,9.542253,15.035271,0.8896136,0.7705468,-0.42,1.0899167,0.20979767,0.76666665,3.8,1.0770329,2.0,4.0,1.2489996,6.0,2.0,2.0,0.0,2.0,2.4,0.0,1.0,0.6324555,2.0,0.0,0.0,0.0,1.2,0.97979593,0.0,2.0,1.0,2.04939,0.0,0.0,2.8,1.6,6.0,2.0,768.07996,1129.3871,3695.0,86.8,101.0,101.0,7.09,17.36,5737.8,4.0,0.6480741,10.0,1.0,119.86795,5.2330403,5.5675626,11.153569,5.721316,0.053951688,2.0714812,27.60386182263537,171.592
FeNbO6Sr2_123.vasp,41.998775,33.16881,15.9994,1.0450001,0.574652,2.0,2.5970001,0.95,26.330648,10.856975,11.030276,0.99414074,0.6161456,0.052066,1.18725,0.17718089,0.82,3.4,1.56205,0.0,4.0,1.3747727,5.0,2.0,1.9,0.29999998,2.0,2.4,0.0,1.0,0.6324555,2.0,0.1,0.29999998,0.0,1.2,0.97979593,0.0,2.0,1.0,2.04939,0.0,0.0,2.7,1.4177446,6.0,2.0,698.98,904.4064,2750.0,75.0,101.0,101.0,7.09,17.36,4926.8,4.0,0.6480741,10.0,123.0,90.0,5.697214,5.697214,13.131545,5.3109217,0.34054467,2.848607,21.10972443577518,134.646
FeNbSb_216.vasp,90.17046,26.979137,55.845,1.4333334,0.02357026,1.45,1.8266667,1.6,15.71507,1.0017326,14.32,0.7060148,0.3944597,0.15323634,0.8341667,0.01359127,0.82,3.0,2.4494898,0.0,0.0,0.47140452,5.0,5.0,1.6666666,0.4714045,2.0,1.0,0.0,1.6666666,0.4714045,2.0,0.33333334,0.4714045,0.0,1.0,1.4142135,0.0,0.0,3.3333333,2.4944384,0.0,0.0,5.3333335,0.47140452,6.0,5.0,1821.5934,753.7534,2750.0,67.333336,88.0,53.0,7.09,7.09,3157.0,3.0,0.57735026,3.0,216.0,60.000008,4.201164,4.2011642,17.477232,8.567236,0.0,2.572677,37.91509210732156,171.864
FeS6V3_148.vasp,40.10595,9.939248,32.065,1.145,0.17811514,1.4,2.22,1.63,20.012848,4.094812,14.634,1.4198849,0.81143147,0.15323634,0.84650004,0.045883015,0.7775,3.9,0.83066237,3.0,4.0,0.48989797,4.0,3.0,2.0,0.0,2.0,2.4,0.0,1.4,0.48989797,2.0,0.0,0.0,0.0,1.2,0.97979593,0.0,2.0,2.5,3.1701736,0.0,0.0,5.7,0.4582576,6.0,5.0,1069.016,839.832,2183.0,78.7,94.0,94.0,7.09,15.53,2962.13,3.0,0.678233,10.0,148.0,119.99999,5.5945916,6.432363,15.077963,4.4168763,0.035071433,2.363264,23.67281352435673,133.069
FeTeV_216.vasp,78.12884,35.038628,50.9415,1.3833333,0.023570202,1.4,1.8533334,1.63,16.477737,1.6310474,14.634,0.88392466,0.7836434,0.15323634,0.9744444,0.22755782,0.7775,4.3333335,1.2472191,3.0,3.0,0.47140452,5.0,4.0,2.0,0.0,2.0,1.3333334,0.0,1.6666666,0.4714045,2.0,0.0,0.0,0.0,0.6666667,0.942809,0.0,0.0,3.6666667,2.867442,0.0,0.0,5.6666665,0.47140452,6.0,5.0,1572.2201,619.62897,2183.0,69.0,92.0,54.0,7.09,7.09,2419.0,3.0,0.57735026,3.0,216.0,60.0,4.1245623,4.1245623,16.538548,7.8444605,6.280369700000001e-16,2.5257683,30.0324489733521,144.295
Ga2Ir2Li2_194.vasp,89.62699,76.93688,6.941,1.3666667,0.062360995,1.45,1.6633333,0.98,37.71841,26.853052,17.0,0.8278706,0.5366018,0.3012011,0.80833334,0.06485025,0.76,3.0,2.828427,1.0,1.0,1.6329932,6.0,2.0,1.6666666,0.47140452,2.0,0.33333334,0.0,1.0,0.8164966,2.0,0.33333334,0.47140452,0.0,1.6666666,2.3570228,0.0,0.0,1.0,1.4142135,0.0,0.0,3.3333333,2.0548046,6.0,1.0,1165.2001,1114.5458,2739.0,53.0,81.0,12.0,8.52,8.52,3086.0,3.0,0.57735026,6.0,194.0,119.99985,4.040606,5.4452987,12.832011,11.59827,0.17354208,2.7009964,20.73631385657553,156.693
Ga2Mg6_194.vasp,35.6595,19.66657,24.305,1.45,0.08660256,1.5,1.435,1.31,16.40524,2.3728533,15.035271,-0.23969972,0.31228924,-0.42,0.83500004,0.04330128,0.76,1.75,0.4330127,1.0,2.0,0.4330127,4.0,3.0,2.0,0.0,2.0,0.25,0.0,0.25,0.4330127,1.0,0.0,0.0,0.0,1.25,2.1650636,0.0,0.0,0.0,0.0,0.0,0.0,2.25,0.4330127,3.0,2.0,767.97754,268.50687,923.0,75.0,81.0,73.0,11.8,14.0,1114.0,2.0,0.7905694,8.0,194.0,120.0,6.1073527,4.916337,19.851269,2.982882,0.003544754,3.0065444,5.582344719838275,38.378
Ga2Mn3SiY3_174.vasp,66.56258,19.446556,28.0855,1.4777777,0.24393885,1.8,1.5366666,1.22,15.66299,3.0375946,12.2236,0.15036483,0.5776288,-0.52,0.7916667,0.18618488,0.54,2.4444444,1.8324914,1.0,1.0,0.6285393,5.0,4.0,2.0,0.0,2.0,0.44444445,0.0,1.6666666,0.47140452,2.0,0.0,0.0,0.0,1.5555556,2.2166595,0.0,0.0,4.6666665,3.681787,0.0,0.0,4.4444447,1.8324914,7.0,3.0,1360.7578,576.9468,1799.0,55.77778,85.0,25.0,7.35,7.35,1275.0,4.0,0.5328702,9.0,174.0,120.0,7.0023985,4.152938,19.594635,5.640817,0.12912346,2.933768,10.959488437832348,79.099
Ga2Te5_87.vasp,111.063705,26.146166,69.723,1.3714285,0.04517541,1.4,2.017143,1.81,19.147182,0.8651722,18.6,1.4938258,0.7542821,0.3012011,1.1409522,0.24093544,0.76,3.142857,1.3552618,1.0,4.0,0.45175397,5.0,5.0,2.0,0.0,2.0,3.142857,1.0,1.0,0.0,1.0,0.0,0.0,0.0,2.857143,1.3552618,2.0,2.0,0.0,0.0,0.0,0.0,5.142857,1.3552618,6.0,3.0,602.7314,189.62369,722.66,88.85714,92.0,92.0,11.8,20.46,1216.0,2.0,0.7693093,7.0,87.0,117.97618,6.7144203,6.7089267,32.703068,5.6393986,0.13596684,3.0409884,6.11631869514382,45.398
Ga4Ni3Pd_146.vasp,70.17403,14.620185,58.6934,1.33125,0.034798548,1.4,1.89625,1.81,19.499634,1.0864457,18.168839,0.65480363,0.39777738,0.3012011,0.7632812,0.032697342,0.74,4.75,3.799671,1.0,1.0,0.3307189,5.0,4.0,1.75,0.6614378,2.0,0.5,0.0,1.5,0.5,2.0,0.0,0.0,0.0,2.5,2.5,0.0,0.0,0.75,0.96824586,0.0,0.0,3.5,0.5,4.0,3.0,1027.9612,725.6981,1828.05,74.25,81.0,81.0,6.59,11.8,759.0,3.0,0.63737744,8.0,146.0,90.40589,4.745395,4.745395,13.356562,8.724304,0.030794233,2.5049765,20.443360866618036,148.474
Ga4Os2_70.vasp,109.892,56.807545,69.723,1.3000001,1.1920929e-07,1.3,1.9399999,1.81,19.343428,1.6570531,17.0,0.56006783,0.36609286,0.3012011,0.73099995,0.0410122,0.673,2.6666667,2.3570228,1.0,1.0,0.942809,6.0,4.0,2.0,0.0,2.0,0.6666667,0.0,1.3333334,0.47140452,2.0,0.0,0.0,0.0,3.3333333,2.3570228,0.0,5.0,1.3333334,1.885618,0.0,0.0,4.6666665,2.3570228,8.0,3.0,1303.9401,1415.6702,3306.0,75.0,81.0,81.0,8.42,11.8,2808.0,2.0,0.74535596,6.0,70.0,60.173347,4.809745,5.0049253,14.6275215,12.475112,9.064933e-16,2.5938141,25.51181302684493,180.008
GaMnPd2_225.vasp,84.37526,22.65601,54.938046,1.375,0.04330128,1.4,1.94,1.55,18.753782,1.8515283,15.63999,0.22637087,0.44388974,-0.52,0.77520835,0.081274845,0.6483333,6.5,3.7749171,1.0,10.0,0.5,5.0,4.0,1.0,1.0,2.0,0.25,0.0,1.75,0.4330127,2.0,0.0,0.0,0.0,1.25,2.1650636,0.0,0.0,1.25,2.1650636,0.0,0.0,4.5,1.5,7.0,3.0,1369.5024,628.58984,1828.05,69.75,81.0,69.0,7.35,8.56,902.0,3.0,0.61237246,4.0,225.0,60.0,4.3577685,4.3577685,14.629097,9.57738,5.874748e-16,2.6685774,25.266987176317013,149.896
Ge2Nb3V3_155.vasp,72.10295,18.173971,50.9415,1.3625,0.07806249,1.45,1.71375,1.6,14.841402,0.6456428,14.32,0.85006994,0.27798808,0.527662,0.79156244,0.022218296,0.77,1.625,1.3169568,0.0,0.0,0.48412293,5.0,4.0,1.625,0.48412293,2.0,0.5,0.0,1.75,0.4330127,2.0,0.375,0.48412293,0.0,1.0,1.7320508,0.0,0.0,4.875,2.8476965,0.0,6.0,4.75,0.4330127,5.0,4.0,2152.725,596.35846,2750.0,61.125,84.0,53.0,8.32,8.32,1924.0,3.0,0.586302,8.0,155.0,90.04754,4.9956846,4.9956846,15.584564,7.682587,0.119524546,2.773897,27.849412809215853,170.144
Ge3I6_164.vasp,108.816315,25.580519,72.64,1.3499999,0.07071067,1.4,2.4433336,2.01,18.06571,1.5069151,15.93461,2.4502606,0.860962,1.2326764,1.1055555,0.2372736,0.77,4.0,1.4142135,2.0,5.0,0.47140452,5.0,5.0,2.0,0.0,2.0,4.0,2.0,1.0,0.0,1.0,0.0,0.0,0.0,2.0,1.4142135,1.0,1.0,0.0,0.0,0.0,0.0,6.0,1.4142135,7.0,4.0,661.7,388.6966,1211.4,92.666664,97.0,97.0,13.63,25.72,2635.6,2.0,0.74535596,9.0,164.0,120.0,4.2631297,21.801619,38.127106,4.739246,0.00071530085,3.0166092,3.22772618000966,28.042
GeMgPd2_225.vasp,77.44624,33.63796,24.305,1.3875,0.08926786,1.5,1.9300001,1.31,17.45747,1.9979929,15.035271,0.4842397,0.58947945,-0.42,0.830625,0.035449136,0.77,6.0,4.0,2.0,2.0,0.8291562,5.0,5.0,1.0,1.0,2.0,0.5,0.0,1.25,0.8291562,2.0,0.0,0.0,0.0,1.0,1.7320508,0.0,0.0,0.0,0.0,0.0,0.0,3.5,0.8660254,4.0,2.0,1447.625,393.85278,1828.05,73.75,84.0,69.0,8.56,8.56,1873.0,3.0,0.61237246,4.0,225.0,60.0,4.4065065,4.4065065,15.125451,8.502393,3.8459253000000004e-16,2.6984231,20.400007104708745,123.652
GeSi7_215.vasp,33.65481,14.735015,28.0855,1.1187501,0.04960783,1.25,1.9137499,1.9,16.294445,0.13600472,15.93461,1.3699157,0.05187156,1.2326764,0.56875,0.07606534,0.54,2.0,0.0,2.0,2.0,0.3307189,4.0,3.0,2.0,0.0,2.0,2.0,2.0,1.0,0.0,1.0,0.0,0.0,0.0,4.0,0.0,4.0,4.0,0.0,0.0,0.0,0.0,4.0,0.0,4.0,4.0,1627.55,157.2899,1687.0,84.875,85.0,85.0,12.06,12.06,80.0,2.0,0.8838835,8.0,215.0,90.0,5.465395,5.465395,20.40679,2.7385557,0.01087838,2.391342,20.34249536328215,91.375
GeTc2Ti_225.vasp,79.126755,20.806543,47.867,1.3375,0.054486234,1.4,1.8375001,1.54,15.007526,0.8714459,13.5755,0.60305536,0.4122812,0.075545,0.77625,0.04505206,0.7416667,3.5,1.5,2.0,2.0,0.5,5.0,4.0,2.0,0.0,2.0,0.5,0.0,1.75,0.4330127,2.0,0.0,0.0,0.0,1.0,1.7320508,0.0,0.0,4.5,2.8722813,0.0,5.0,5.5,1.5,7.0,4.0,2003.1,498.78165,2430.0,63.25,84.0,59.0,8.63,8.63,1445.0,3.0,0.61237246,4.0,225.0,60.0,4.325027,4.325027,14.3018265,9.187153,4.9650684e-16,2.6485274,48.44393153763424,230.475
GeTc2V_225.vasp,79.89537,19.662922,50.9415,1.325,0.04330128,1.35,1.8599999,1.63,15.272152,0.45999584,14.634,0.7160846,0.29841986,0.527662,0.7577083,0.01625933,0.7416667,3.75,1.299038,2.0,5.0,0.5,5.0,4.0,2.0,0.0,2.0,0.5,0.0,1.75,0.4330127,2.0,0.0,0.0,0.0,1.0,1.7320508,0.0,0.0,4.25,2.58602,0.0,5.0,5.75,1.299038,7.0,4.0,2063.6,502.24472,2430.0,64.0,84.0,59.0,8.32,8.63,1445.0,3.0,0.61237246,4.0,225.0,60.0,4.265447,4.265447,13.718882,9.670568,3.1401849000000005e-16,2.6120422,55.84270349939109,260.358
H2LiNi_123.vasp,16.91257,24.243477,1.00794,0.82500005,0.5760859,1.45,1.8225,0.98,23.452234,31.030237,0.0,0.82110167,0.20187362,0.6180492,0.41,0.41388404,0.0,2.75,3.0310888,1.0,1.0,1.2247449,4.0,1.0,1.25,0.4330127,2.0,0.0,0.0,0.5,0.8660254,2.0,0.75,0.4330127,1.0,0.0,0.0,0.0,0.0,0.5,0.8660254,0.0,0.0,1.75,1.299038,4.0,1.0,552.4275,702.05176,1728.0,71.25,103.0,103.0,6.59,11.42,3165.72,3.0,0.61237246,4.0,123.0,90.0,3.233365,2.765783,7.2288227,3.885001,0.2211696,2.127452,14.102465894559414,84.556
H2MgNi_123.vasp,21.25357,23.615795,1.00794,0.8375,0.58988875,1.5,1.905,1.31,8.301027,8.374632,0.0,0.56158936,0.59006953,-0.42,0.4,0.40224373,0.0,3.0,2.9154758,1.0,1.0,1.299038,4.0,1.0,1.5,0.5,2.0,0.0,0.0,0.5,0.8660254,2.0,0.5,0.5,0.0,0.0,0.0,0.0,0.0,0.5,0.8660254,0.0,0.0,2.0,1.2247449,4.0,1.0,669.755,714.8459,1728.0,86.5,103.0,103.0,6.59,11.42,3165.72,3.0,0.61237246,4.0,123.0,90.0,3.2197568,3.243708,8.406745,4.198103,0.29242092,2.2851956,18.79634002688196,103.258
H3ClO_160.vasp,10.895244,13.58243,1.00794,0.46999997,0.29765752,1.0,2.64,2.2,11.786952,14.872266,0.0,1.4675249,1.1069525,0.754598,0.408,0.52224135,0.0,2.4,1.7435596,1.0,1.0,0.8,3.0,1.0,1.4,0.48989797,2.0,1.8,0.0,0.4,0.48989797,1.0,0.6,0.48989797,1.0,0.6,0.8,0.0,0.0,0.0,0.0,0.0,0.0,2.4,2.3323808,7.0,1.0,53.685997,61.036884,171.6,101.8,103.0,103.0,11.42,11.42,218.83,3.0,0.66332495,5.0,160.0,65.08674,4.4446297,4.44463,13.795383,1.3114516,0.3545259,1.9158199,11.903749552502502,47.628
H4CaCs2_139.vasp,44.27438,57.59028,1.00794,1.1428572,1.0601308,2.6,1.6257142,0.79,8.312374,10.210665,0.0,0.56945765,0.2544382,0.024551,0.67999995,0.8119641,0.0,1.1428572,0.3499271,1.0,1.0,2.2315,6.0,1.0,1.1428572,0.3499271,2.0,0.0,0.0,0.0,0.0,0.0,0.85714287,0.3499271,1.0,0.0,0.0,0.0,0.0,0.0,0.0,0.0,0.0,1.1428572,0.3499271,2.0,1.0,253.45999,373.44525,1115.0,63.42857,103.0,103.0,11.42,11.42,1736.72,3.0,0.65465367,7.0,139.0,45.54293,8.409342,8.409342,23.470583,3.1324036,0.38504747,3.1545806,2.097266061519332,18.225
H4Pd3_99.vasp,46.184536,52.16544,1.00794,0.74285716,0.5691024,1.4,2.2,2.2,8.327143,9.615356,0.0,0.6721166,0.095241435,0.5621412,0.36267856,0.41878513,0.0,4.857143,4.4538445,1.0,1.0,1.9794867,5.0,1.0,0.5714286,0.49487168,1.0,0.0,0.0,0.85714287,0.9897433,2.0,0.5714286,0.49487168,1.0,0.0,0.0,0.0,0.0,0.0,0.0,0.0,0.0,2.2857144,1.484615,4.0,1.0,791.45575,897.7169,1828.05,88.42857,103.0,103.0,8.56,11.42,3215.72,2.0,0.71428573,7.0,99.0,90.0,3.099439,6.691118,9.182625,8.351776,0.051174477,1.8849112,16.731481607763488,133.29
H6Cs2InNa_225.vasp,40.966633,56.800415,1.00794,1.0049999,0.971455,2.6,1.749,0.79,11.247167,15.490771,0.0,0.6402701,0.14475626,0.383926,0.57199997,0.74226403,0.0,1.0,0.0,1.0,1.0,2.1071308,6.0,1.0,1.1,0.29999998,2.0,0.1,0.0,0.1,0.29999998,1.0,0.9,0.29999998,1.0,0.5,1.5,0.0,0.0,0.0,0.0,0.0,0.0,1.2,0.59999996,3.0,1.0,148.78601,168.50745,429.75,72.4,103.0,103.0,11.42,11.42,2324.72,4.0,0.6480741,10.0,225.0,60.0,6.261668,6.261668,17.360216,3.9185395,0.46418104,3.1399398,3.091453886341765,29.382
Hf2Pt2_63.vasp,186.787,8.296997,178.49,1.4499999,0.099999964,1.55,1.79,1.3,16.585,1.9749999,14.61,1.1515875,0.9735175,0.17807,0.82750005,0.022500008,0.805,1.0,1.0,0.0,0.0,0.0,6.0,6.0,1.5,0.5,2.0,0.0,0.0,2.0,0.0,2.0,0.5,0.5,0.0,0.0,0.0,0.0,0.0,4.5,3.5,1.0,1.0,5.0,1.0,6.0,4.0,2273.7,232.29999,2506.0,59.0,68.0,50.0,9.09,9.09,778.0,2.0,0.70710677,4.0,63.0,90.0,4.2631373,5.428245,18.53206,16.736784,3.1401849000000005e-16,2.7305138,29.37550221273453,190.549
HfPt2Zn_225.vasp,158.51675,54.180973,65.409,1.4,0.08660251,1.55,1.8774998,1.3,17.423597,1.642529,14.61,0.95206994,1.206493,-0.62,0.83500004,0.0318198,0.805,3.0,4.1231055,0.0,0.0,0.8660254,6.0,6.0,1.5,0.5,2.0,0.0,0.0,2.0,0.0,2.0,0.5,0.5,0.0,0.0,0.0,0.0,0.0,2.5,3.2015622,0.0,1.0,4.5,1.6583124,6.0,2.0,1820.37,678.13745,2506.0,65.5,76.0,68.0,9.09,9.09,3696.0,3.0,0.61237246,4.0,225.0,60.0,4.512936,4.512936,16.248102,16.200247,5.5555544e-15,2.7635868,29.98228209326474,196.536
HfTc2W_225.vasp,139.58249,41.6255,98.0,1.4,0.08660251,1.55,1.865,1.3,15.375,0.6327919,14.61,0.5245845,0.2272965,0.17807,0.77500004,0.044487834,0.7416667,4.0,1.2247449,2.0,5.0,0.5,6.0,5.0,2.0,0.0,2.0,0.0,0.0,2.0,0.0,2.0,0.0,0.0,0.0,0.0,0.0,0.0,0.0,6.0,1.2247449,5.0,5.0,6.0,1.2247449,7.0,4.0,2765.25,537.6874,3695.0,55.75,59.0,59.0,8.63,8.63,1290.0,3.0,0.61237246,4.0,225.0,60.0,4.48711,4.48711,15.970746,14.512922,3.1401849000000005e-16,2.7477827,47.07768520938751,257.535
HgMgSc2_225.vasp,78.701706,70.87544,24.305,1.55,0.050000012,1.6,1.5075,1.31,14.847923,2.434384,12.79977,-0.14089999,0.33099365,-0.52,0.96875,0.15981923,0.86,3.5,3.7749171,1.0,1.0,1.0897248,6.0,4.0,2.0,0.0,2.0,0.0,0.0,1.5,0.8660254,2.0,0.0,0.0,0.0,0.0,0.0,0.0,0.0,4.5,4.5,0.0,0.0,3.0,0.70710677,4.0,2.0,1196.33,663.92865,1814.0,46.25,74.0,19.0,14.0,15.0,2473.12,3.0,0.61237246,4.0,225.0,60.0,4.983217,4.983217,21.875319,5.974188,3.8459253000000004e-16,3.0515847,11.06044430729827,66.999
I2Mn2Sb2Se4_12.vasp,92.304504,27.630373,54.938046,1.3099998,0.13190909,1.45,2.2719998,1.55,18.757849,2.2932255,15.63999,1.5255325,1.2045488,-0.52,0.95566666,0.20871459,0.6483333,4.2,0.74833155,3.0,4.0,0.48989797,5.0,4.0,2.0,0.0,2.0,3.2,0.0,1.2,0.4,2.0,0.0,0.0,0.0,1.6,1.0198039,0.0,2.0,1.0,2.0,0.0,0.0,6.2,0.74833155,7.0,5.0,759.526,418.9285,1519.0,86.2,97.0,93.0,7.35,16.42,1876.6,4.0,0.52915025,10.0,12.0,33.578087,7.0327854,10.198483,27.886448,5.4964056,0.07717062,2.8312366,3.990307037892197,37.066
I2O2Y2_129.vasp,77.269905,46.01833,15.9994,1.2666667,0.49888763,1.8,2.4400003,1.22,22.15866,9.589854,12.2236,1.6090926,1.1283345,0.30712,1.1911111,0.10699026,1.04,3.3333333,1.6996732,1.0,1.0,1.4142135,5.0,5.0,2.0,0.0,2.0,3.0,0.0,1.3333334,0.47140452,2.0,0.0,0.0,0.0,1.0,0.8164966,0.0,0.0,3.0,4.2426405,0.0,0.0,4.0,2.1602468,7.0,2.0,746.8833,756.20825,1799.0,74.333336,101.0,25.0,17.36,17.36,3518.8,3.0,0.57735026,6.0,129.0,90.0,3.9393098,9.486071,24.534395,5.2297883,0.53222114,3.3765469,11.89887464273766,71.609
I6LiRb2Y_225.vasp,102.82092,36.700073,6.941,1.6349999,0.37619805,2.35,1.9800001,0.82,25.723034,17.145159,12.2236,2.0251317,1.268218,0.30712,1.29,0.2213745,0.9,3.4,1.9595919,1.0,5.0,0.90000004,5.0,5.0,1.7,0.45825756,2.0,3.0,0.0,0.8,0.6,2.0,0.3,0.45825756,0.0,0.6,0.48989797,0.0,1.0,0.9,2.7,0.0,0.0,4.8,2.7495453,7.0,1.0,519.871,428.10715,1799.0,63.7,97.0,97.0,13.02,25.72,3151.6,4.0,0.6480741,10.0,225.0,60.0,8.499265,8.499265,43.413933,3.9327965,0.5030958,4.2496667,1.8592516647398287,17.722
In2MnTe4_82.vasp,113.56771,24.576948,54.938046,1.442857,0.06776308,1.55,1.9300001,1.55,18.2544,1.0738341,15.63999,1.1616222,0.97519535,-0.52,1.100238,0.24045001,0.6483333,3.2857144,1.484615,1.0,4.0,0.34992713,5.0,5.0,2.0,0.0,2.0,2.5714285,0.0,1.1428572,0.34992707,2.0,0.0,0.0,0.0,2.5714285,1.6781914,0.0,2.0,0.71428573,1.7496356,0.0,0.0,5.285714,1.484615,7.0,3.0,752.7343,337.93884,1519.0,83.71429,92.0,92.0,7.35,20.46,1084.0,3.0,0.65465367,7.0,82.0,70.60003,7.6908064,7.6907053,35.41707,5.3246536,0.029639952,2.821683,4.305072583252906,34.374
In2Pt_225.vasp,141.57333,37.837753,114.818,1.4833332,0.09428087,1.55,1.9466667,1.78,18.76694,0.14632936,18.56,0.964319,0.8207996,0.383926,0.895,0.06363961,0.805,0.6666667,0.47140452,0.0,1.0,0.47140452,6.0,5.0,1.6666666,0.4714045,2.0,0.6666667,0.0,1.3333334,0.4714045,2.0,0.33333334,0.4714045,0.0,3.3333333,2.3570228,0.0,5.0,0.33333334,0.4714045,0.0,0.0,4.0,1.4142135,6.0,3.0,966.9666,759.7391,2041.4,75.333336,79.0,79.0,9.09,15.76,1753.0,2.0,0.74535596,3.0,225.0,59.999992,4.533473,4.5334725,21.961227,10.704686,3.6259733000000005e-16,2.7761726,18.016741142119013,106.871
In2S4Ta2_194.vasp,89.97397,62.45073,32.065,1.25,0.25248763,1.55,2.11,1.5,20.436543,3.0510886,16.2,1.2153138,0.8620589,0.32312,0.88,0.042426407,0.82,3.0,1.2247449,1.0,4.0,1.299038,6.0,3.0,2.0,0.0,2.0,2.25,0.0,1.25,0.4330127,2.0,0.0,0.0,0.0,2.25,1.7853571,0.0,2.0,1.75,3.0310888,0.0,0.0,5.0,1.2247449,6.0,3.0,1124.1174,1250.587,3290.0,79.75,94.0,94.0,10.85,15.53,5013.13,3.0,0.61237246,8.0,194.0,120.025665,3.312116,17.33971,20.586435,7.257463,0.36684483,3.3108306,16.1800620201006,108.87
In4K_139.vasp,99.67406,30.287878,39.0983,1.6800001,0.26000005,2.2,1.5879999,0.82,21.42133,5.1018357,18.87041,0.40743265,0.047013246,0.383926,1.056,0.232,0.94,1.0,0.0,1.0,1.0,0.39999998,5.0,5.0,1.8,0.4,2.0,0.8,0.0,0.8,0.40000004,1.0,0.2,0.40000004,0.0,4.0,2.0,0.0,5.0,0.0,0.0,0.0,0.0,2.6,0.8,3.0,1.0,411.10602,37.288002,429.75,65.2,79.0,79.0,15.76,15.76,1313.0,2.0,0.82462114,5.0,139.0,89.99999,4.8607864,7.219821,30.002762,5.516581,0.3253787,3.7213178,4.033560944187939,32.033
In6Mg2_194.vasp,92.18975,39.19328,24.305,1.5374999,0.021650614,1.55,1.6624999,1.31,17.911625,1.6606644,15.035271,0.1829445,0.34811017,-0.42,0.91999996,0.03464101,0.86,1.25,0.4330127,1.0,1.0,0.8660254,5.0,5.0,2.0,0.0,2.0,0.75,0.0,0.75,0.4330127,1.0,0.0,0.0,0.0,3.75,2.1650636,0.0,5.0,0.0,0.0,0.0,0.0,2.75,0.4330127,3.0,2.0,553.0625,213.58351,923.0,77.5,79.0,79.0,14.0,15.76,982.0,2.0,0.7905694,8.0,194.0,120.000015,6.459754,5.4483247,24.611355,6.220083,0.0068687513,3.2298892,4.8579239286421085,43.431
InLi2Mg_225.vasp,38.25125,44.770607,6.941,1.4875,0.041457772,1.55,1.2625,0.98,46.296467,29.374939,15.035271,0.30000612,0.42654252,-0.42,0.9,0.028284267,0.86,1.25,0.4330127,1.0,1.0,1.2247449,5.0,2.0,1.5,0.5,2.0,0.25,0.0,0.25,0.4330127,1.0,0.5,0.5,0.0,1.25,2.1650636,0.0,0.0,0.0,0.0,0.0,0.0,1.75,0.8291562,3.0,1.0,565.0325,206.9036,923.0,44.0,79.0,12.0,13.02,13.02,982.0,3.0,0.61237246,4.0,225.0,60.000004,4.6941047,4.694104,18.284506,3.4738536,9.420554e-16,2.87454,4.945340370976528,32.934
InPd2Zn_225.vasp,98.26674,19.27775,65.409,1.4250001,0.07499998,1.55,1.9575,1.65,18.9237,0.5991235,17.96439,0.2220521,0.491573,-0.62,0.878125,0.038288586,0.84625,7.75,3.8971143,1.0,10.0,0.4330127,5.0,5.0,1.0,1.0,2.0,0.25,0.0,1.75,0.4330127,2.0,0.0,0.0,0.0,1.25,2.1650636,0.0,0.0,0.0,0.0,0.0,0.0,3.25,0.8291562,4.0,2.0,1194.6326,640.2025,1828.05,73.25,79.0,69.0,8.56,8.56,2056.0,3.0,0.61237246,4.0,225.0,60.0,4.474151,4.474151,15.832771,10.306204,5.874748e-16,2.7398467,23.872369380525427,145.43
Ir2LiNb_225.vasp,121.07034,77.36668,6.941,1.4,0.050000012,1.45,1.7449999,0.98,30.990025,25.801939,14.32,1.1660448,0.4121384,0.6180492,0.8125,0.055283356,0.765,3.75,3.269174,0.0,7.0,1.6393596,6.0,6.0,1.5,0.5,2.0,0.0,0.0,1.5,0.8660254,2.0,0.5,0.5,0.0,0.0,0.0,0.0,0.0,3.0,2.1213202,0.0,3.0,4.5,2.0615528,6.0,1.0,2170.4224,991.1662,2750.0,49.25,66.0,66.0,8.52,8.52,3402.0,3.0,0.61237246,4.0,225.0,60.00001,4.3457675,4.345762,14.508555,13.856792,1.7741517e-06,2.6612191,36.084158226786094,216.427
Ir2W2_51.vasp,188.0285,4.1884995,183.84,1.35,0.0,1.35,2.28,2.2,16.685001,0.31499958,16.37,1.1903148,0.3740467,0.816268,0.7658333,0.00083333254,0.765,5.5,1.5,4.0,4.0,0.0,6.0,6.0,2.0,0.0,2.0,0.0,0.0,2.0,0.0,2.0,0.0,0.0,0.0,0.0,0.0,0.0,0.0,4.5,1.5,3.0,3.0,6.0,0.0,6.0,6.0,3217.0,478.0,3695.0,60.5,66.0,55.0,8.52,8.52,1127.0,2.0,0.70710677,4.0,51.0,90.0,4.4694676,4.8251224,14.950233,20.884535,3.1401849000000005e-16,2.7274313,63.08066358575252,359.365
K2Sb4_12.vasp,94.20611,38.967102,39.0983,1.6999999,0.35355338,2.2,1.64,0.82,21.625666,7.0705967,16.626,0.8654205,0.25735956,0.5014591,1.06,0.3252691,0.83,2.3333333,0.94280905,1.0,3.0,0.4714045,5.0,5.0,1.6666666,0.47140452,2.0,2.0,0.0,0.6666667,0.4714045,1.0,0.33333334,0.47140452,0.0,2.0,1.4142135,0.0,3.0,0.0,0.0,0.0,0.0,3.6666667,1.885618,5.0,1.0,714.6967,267.40424,903.78,62.0,88.0,88.0,18.19,18.19,828.0,2.0,0.74535596,6.0,12.0,90.0,7.1171064,7.4448524,36.059734,4.3381605,0.32462224,3.5810196,4.419683592995403,31.474
KNbO3_160.vasp,36.00058,29.826187,15.9994,1.0899999,0.6452907,2.2,2.5479999,0.82,30.261673,8.085027,14.32,1.1604364,0.39102936,0.5014591,1.224,0.2257078,0.82,2.6,1.7435595,0.0,4.0,1.264911,5.0,2.0,1.6,0.48989794,2.0,2.4,0.0,1.0,0.6324555,2.0,0.4,0.48989797,0.0,1.2,0.9797959,0.0,2.0,1.2,2.4,0.0,0.0,2.4,1.3564659,5.0,1.0,650.18604,1055.5616,2750.0,73.2,101.0,101.0,10.83,17.36,4926.8,3.0,0.66332495,5.0,160.0,89.83686,4.049924,4.049925,13.285117,4.4997993,0.34343374,2.7751975,39.59592065602504,168.383
KNRu_160.vasp,51.391666,36.59098,14.0067,1.3833333,0.63552254,2.2,2.02,0.82,25.995417,6.582481,16.76,0.49261388,0.45580417,-0.07,0.937,0.41243747,0.63,1.3333334,1.2472192,0.0,0.0,1.2472192,5.0,2.0,1.3333334,0.4714045,2.0,1.0,0.0,1.0,0.8164966,2.0,0.6666667,0.47140452,1.0,1.0,1.4142135,0.0,0.0,1.0,1.4142135,0.0,0.0,4.6666665,2.867442,8.0,1.0,1002.19336,1140.2488,2607.0,57.333332,100.0,10.0,8.17,8.17,4345.64,3.0,0.57735026,3.0,160.0,73.85088,5.916238,6.764737,17.462812,4.886834,0.48354977,2.9708683,21.594052540896293,97.356
Li2O6Ta2_161.vasp,47.17741,66.97717,6.941,0.9400002,0.41641328,1.45,2.5600002,0.98,39.440693,19.526918,16.2,1.0648971,0.49413544,0.32312,1.1,0.19758542,0.82,3.2,1.1661904,1.0,4.0,1.6,6.0,2.0,1.8,0.4,2.0,2.4,0.0,1.0,0.6324555,2.0,0.2,0.4,0.0,1.2,0.97979593,0.0,2.0,1.4,2.8,0.0,0.0,2.4,1.3564659,5.0,1.0,781.618,1263.67,3290.0,73.4,101.0,101.0,10.85,17.36,5640.8,3.0,0.66332495,10.0,161.0,55.899414,5.4768476,5.476847,10.512489,7.4520826,0.046254635,2.0312233,38.77970995895159,239.983
Li3Pt_139.vasp,53.97675,81.468315,6.941,1.4250001,0.04330128,1.45,1.3050001,0.98,61.37007,24.71641,18.56,0.99481314,0.65257424,0.6180492,0.87624997,0.041136194,0.805,0.75,0.4330127,0.0,1.0,1.7320508,6.0,2.0,1.0,0.0,1.0,0.0,0.0,0.5,0.8660254,2.0,1.0,0.0,1.0,0.0,0.0,0.0,0.0,0.25,0.4330127,0.0,0.0,2.25,2.1650636,6.0,1.0,850.61755,687.4986,2041.4,26.0,68.0,12.0,9.09,13.02,2483.0,2.0,0.7905694,4.0,139.0,74.69437,4.5791397,4.5791397,14.045639,6.381376,5.874748e-16,2.6779318,5.564848023455656,46.465
Li5Sn2_166.vasp,38.875,50.49209,6.941,1.4499999,1.1920929e-07,1.45,1.26,0.98,58.209515,27.560167,14.63307,0.75919807,0.22317594,0.6180492,0.88,0.031622775,0.83,1.2857143,0.45175394,1.0,1.0,1.3552619,5.0,2.0,1.2857143,0.45175394,2.0,0.5714286,0.0,0.2857143,0.45175397,1.0,0.71428573,0.45175394,1.0,1.1428572,1.8070159,0.0,0.0,0.0,0.0,0.0,0.0,1.8571428,1.3552618,4.0,1.0,468.37286,23.215628,505.08,32.285713,83.0,12.0,13.02,13.02,1260.0,2.0,0.7693093,7.0,166.0,38.770527,7.0907555,7.090756,17.952911,3.5957096,0.031887196,2.8537517,4.115281779317016,32.65
Li6Zn2_194.vasp,21.557999,25.317385,6.941,1.4250001,0.04330128,1.45,1.1475,0.98,61.221172,24.974314,17.96439,0.3085369,0.536091,-0.62,0.895,0.008660246,0.88,3.25,3.8971143,1.0,1.0,0.8660254,4.0,2.0,1.25,0.4330127,2.0,0.0,0.0,0.5,0.8660254,2.0,0.75,0.4330127,1.0,0.0,0.0,0.0,0.0,0.0,0.0,0.0,0.0,1.25,0.4330127,2.0,1.0,513.4375,103.4857,692.68,28.0,76.0,12.0,9.16,13.02,435.0,2.0,0.7905694,8.0,194.0,120.00014,5.696458,4.6122212,16.201677,2.2095182,0.020241518,2.8013144,3.5566228647458664,25.499
LiNbRh2_225.vasp,76.4146,40.317787,6.941,1.4,0.050000012,1.45,1.7849998,0.98,31.530025,25.513182,14.32,0.95531,0.21538076,0.6180492,0.8025,0.064080015,0.745,0.25,0.4330127,0.0,0.0,1.299038,5.0,5.0,1.0,0.0,1.0,0.0,0.0,1.5,0.8660254,2.0,1.0,0.0,1.0,0.0,0.0,0.0,0.0,2.5,2.1794496,0.0,2.0,4.5,2.0615528,6.0,1.0,1919.4225,871.7714,2750.0,48.75,65.0,65.0,8.28,8.28,3402.0,3.0,0.61237246,4.0,225.0,60.0,4.327718,4.327718,14.328534,8.855716,3.1401849000000005e-16,2.6501644,34.36189514517899,180.515
LiNiO2_166.vasp,24.408298,20.136993,6.941,1.0,0.40155944,1.45,2.4425,0.98,41.012794,21.156088,18.168839,1.1743553,0.34431937,0.6180492,1.04,0.22715633,0.74,4.25,2.4874685,1.0,4.0,0.8660254,4.0,2.0,1.75,0.4330127,2.0,2.0,0.0,1.0,0.70710677,2.0,0.25,0.4330127,0.0,1.0,1.0,0.0,0.0,0.5,0.8660254,0.0,0.0,2.25,1.0897248,4.0,1.0,572.8225,686.53516,1728.0,70.25,101.0,101.0,6.59,17.36,3095.8,3.0,0.61237246,4.0,166.0,33.418404,4.9690237,4.9690223,8.285221,4.891956,0.063495606,2.0994453,42.81303853761018,192.09
Mg2Mn2O6_148.vasp,25.44825,15.091702,15.9994,0.9400002,0.41761225,1.5,2.6360002,1.31,27.207724,9.693777,15.035271,0.6886632,0.94657296,-0.52,1.0576667,0.25668746,0.6483333,3.8,0.9797959,2.0,4.0,0.8,4.0,2.0,2.0,0.0,2.0,2.4,0.0,1.0,0.6324555,2.0,0.0,0.0,0.0,1.2,0.97979593,0.0,2.0,1.0,2.0,0.0,0.0,3.0,2.0,7.0,2.0,521.27997,601.60364,1519.0,87.2,101.0,101.0,7.35,17.36,2243.8,3.0,0.66332495,10.0,148.0,54.575893,5.3812838,5.381132,9.625949,4.3899894,0.04539851,2.0042238,39.61085114048095,206.755
Mg6Os2_194.vasp,65.786255,71.84763,24.305,1.45,0.08660256,1.5,1.5325,1.31,15.526453,0.8507527,15.035271,-0.045549646,0.648567,-0.42,0.81325,0.08097339,0.673,3.0,1.7320508,2.0,2.0,1.299038,6.0,3.0,2.0,0.0,2.0,0.0,0.0,0.5,0.8660254,2.0,0.0,0.0,0.0,0.0,0.0,0.0,0.0,1.0,1.7320508,0.0,0.0,3.5,2.598076,8.0,2.0,1518.75,1031.8693,3306.0,70.5,73.0,73.0,8.42,14.0,3922.0,2.0,0.7905694,8.0,194.0,120.0,5.9077563,4.680579,17.684196,6.177303,0.025780983,2.836952,11.400995066867576,83.47
Mg7Sb_187.vasp,36.486877,32.230213,24.305,1.49375,0.01653593,1.5,1.4024999,1.31,15.234112,0.52608407,15.035271,-0.23657483,0.48529735,-0.42,0.85625005,0.009921578,0.83,2.125,0.3307189,2.0,2.0,0.6614378,5.0,3.0,2.0,0.0,2.0,0.375,0.0,0.125,0.3307189,1.0,0.0,0.0,0.0,0.375,0.99215674,0.0,0.0,0.0,0.0,0.0,0.0,2.375,0.99215674,5.0,2.0,920.59753,6.3564076,923.0,74.875,88.0,73.0,14.0,14.0,497.0,2.0,0.8838835,8.0,187.0,119.999985,6.328331,5.319831,23.063059,2.6270533,0.0052015325,3.1641717,6.369623781025257,39.263
Mg7V_187.vasp,27.634563,8.809195,24.305,1.48125,0.04960783,1.5,1.3499999,1.31,14.985111,0.13270786,14.634,-0.30154222,0.31340975,-0.42,0.8496875,0.027284324,0.7775,2.125,0.3307189,2.0,2.0,0.3307189,4.0,3.0,2.0,0.0,2.0,0.0,0.0,0.25,0.6614378,2.0,0.0,0.0,0.0,0.0,0.0,0.0,0.0,0.875,2.3150325,0.0,0.0,2.375,0.99215674,5.0,2.0,1080.5,416.70584,2183.0,70.625,73.0,73.0,8.32,14.0,2317.0,2.0,0.8838835,8.0,187.0,120.0,6.2907705,5.060557,21.679367,2.1166794,0.04050885,3.121971,7.550372769221672,41.471
MgO6TeW_146.vasp,47.971264,59.15548,15.9994,0.87222224,0.38666025,1.5,2.9344447,1.31,28.970222,8.740018,15.035271,1.2370862,0.6465788,-0.42,1.1644444,0.18924151,0.76666665,3.7777777,0.6285393,2.0,4.0,1.4487116,6.0,2.0,2.0,0.0,2.0,3.1111112,0.0,1.0,0.47140452,2.0,0.0,0.0,0.0,1.5555556,0.8314794,0.0,2.0,0.6666667,1.8856182,0.0,0.0,2.8888888,1.6629587,6.0,2.0,629.94,1129.0994,3695.0,91.77778,101.0,101.0,9.47,17.36,5737.8,4.0,0.69388866,9.0,1.0,128.01132,6.045334,10.853073,14.063205,5.6642966,0.08926776,2.0723543,27.08257351626568,157.57
MgPdSb_216.vasp,84.16167,42.785854,24.305,1.4499999,0.040824838,1.5,1.8533334,1.31,17.030424,1.8167887,15.035271,0.39651415,0.6104047,-0.42,0.8454167,0.012261628,0.83,5.0,3.5590262,2.0,2.0,0.942809,5.0,5.0,1.3333334,0.94280905,2.0,1.0,0.0,1.0,0.8164966,2.0,0.0,0.0,0.0,1.0,1.4142135,0.0,0.0,0.0,0.0,0.0,0.0,3.6666667,1.2472192,5.0,2.0,1218.2767,431.24625,1828.05,76.666664,88.0,69.0,8.56,8.56,1873.0,3.0,0.57735026,3.0,216.0,60.00001,4.4504285,4.450428,20.77634,6.7265806,2.5639502000000004e-16,2.7253191,17.555632638832034,90.828
MgRh2Ta_225.vasp,102.765976,55.381794,24.305,1.4125,0.064951904,1.5,1.8425,1.31,16.848818,1.2982234,15.035271,0.547226,0.6510349,-0.42,0.7925,0.04956057,0.745,1.25,1.299038,0.0,0.0,1.0897248,6.0,5.0,1.5,0.5,2.0,0.0,0.0,1.5,0.8660254,2.0,0.5,0.5,0.0,0.0,0.0,0.0,0.0,2.75,2.58602,0.0,2.0,4.75,1.6393596,6.0,2.0,2171.75,839.40076,3290.0,63.75,73.0,65.0,8.28,8.28,4368.0,3.0,0.61237246,4.0,225.0,60.0,4.418515,4.418515,15.249446,11.190368,5.874748e-16,2.705766,36.98723489744544,202.602
MgSn5_189.vasp,102.97583,35.182667,24.305,1.4583334,0.018633882,1.5,1.8516666,1.31,14.700104,0.14989135,14.63307,0.85672516,0.5709688,-0.42,0.835,0.0111803515,0.83,2.0,0.0,2.0,2.0,0.74535596,5.0,5.0,2.0,0.0,2.0,1.6666666,0.0,0.8333333,0.372678,1.0,0.0,0.0,0.0,3.3333333,1.490712,0.0,4.0,0.0,0.0,0.0,0.0,3.6666667,0.745356,4.0,2.0,574.73334,155.7496,923.0,81.333336,83.0,83.0,14.0,16.29,1512.0,2.0,0.8498366,6.0,189.0,120.0,5.6501784,5.6172028,25.883547,6.6063356,0.01632912,3.2621288,6.870456361646784,52.651
MgTl_221.vasp,114.34415,90.039154,24.305,1.7,0.19999999,1.9,1.4649999,1.31,17.731785,2.696515,15.035271,-0.0499734,0.3700266,-0.42,1.09625,0.23624998,0.86,1.5,0.5,1.0,1.0,1.5,6.0,3.0,2.0,0.0,2.0,0.5,0.0,0.5,0.5,1.0,0.0,0.0,0.0,2.5,2.5,0.0,0.0,0.0,0.0,0.0,0.0,2.5,0.5,3.0,2.0,750.0,173.0,923.0,75.5,78.0,73.0,14.0,14.0,383.0,2.0,0.70710677,2.0,221.0,90.0,3.6378026,3.6378026,24.070627,7.888159,0.0,3.1504295,5.942773800249115,41.034
MgZn_221.vasp,44.857,20.551998,24.305,1.425,0.07499999,1.5,1.48,1.31,16.49983,1.4645596,15.035271,-0.52,0.10000001,-0.62,0.87,0.00999999,0.86,6.0,4.0,2.0,2.0,0.5,4.0,3.0,2.0,0.0,2.0,0.0,0.0,1.0,1.0,2.0,0.0,0.0,0.0,0.0,0.0,0.0,0.0,0.0,0.0,0.0,0.0,2.0,0.0,2.0,2.0,807.83997,115.16,923.0,74.5,76.0,73.0,9.16,9.16,183.0,2.0,0.70710677,2.0,221.0,90.0,3.262917,3.262917,17.369532,4.28836,3.1401849000000005e-16,2.825769,12.133543546284864,57.965
Mn2Si2Y2_129.vasp,57.309803,24.88638,28.0855,1.4333334,0.28674415,1.8,1.5566667,1.22,14.73648,1.8000895,12.2236,0.39221373,0.78187746,-0.52,0.74277776,0.21477088,0.54,2.6666667,1.6996732,1.0,1.0,0.8164966,5.0,3.0,2.0,0.0,2.0,0.6666667,0.0,1.6666666,0.47140452,2.0,0.0,0.0,0.0,1.3333334,1.885618,0.0,0.0,4.6666665,3.681787,0.0,0.0,4.6666665,1.6996732,7.0,3.0,1668.3334,115.06907,1799.0,56.666668,85.0,25.0,7.35,7.35,1275.0,3.0,0.57735026,6.0,129.0,90.0,3.8997834,7.298563,18.499802,5.144118,0.22233833,2.9209843,19.42828268186924,105.41
Mn3N2_139.vasp,38.565506,20.052183,14.0067,1.1,0.36742347,1.4,2.146,1.55,21.224493,6.839592,15.63999,-0.34,0.22045407,-0.52,0.641,0.008981454,0.63,4.2,0.97979593,3.0,5.0,0.97979593,4.0,4.0,2.0,0.0,2.0,1.2,0.0,1.6,0.48989797,2.0,0.0,0.0,0.0,1.2,1.4696938,0.0,0.0,3.0,2.4494898,0.0,5.0,6.2,0.97979593,7.0,5.0,936.61993,713.2669,1519.0,76.0,100.0,60.0,7.35,7.35,2256.64,2.0,0.7211103,5.0,139.0,37.13863,6.356267,6.356267,9.8749275,6.4850636,0.048834737,2.0270135,40.81324472414563,206.947
MnNbO6Sr2_225.vasp,41.908077,33.132046,15.9994,1.0450001,0.574652,2.0,2.5690002,0.95,26.274725,10.910323,11.030276,0.9268171,0.7305156,-0.52,1.1668334,0.22093798,0.6483333,3.3,1.4177446,0.0,4.0,1.3747727,5.0,2.0,1.9,0.29999998,2.0,2.4,0.0,1.0,0.6324555,2.0,0.1,0.29999998,0.0,1.2,0.97979593,0.0,2.0,1.1,2.2113345,0.0,0.0,2.8,1.6613247,7.0,2.0,669.77997,872.1712,2750.0,74.9,101.0,101.0,7.35,17.36,4926.8,4.0,0.6480741,10.0,225.0,60.0,5.696619,5.696619,13.071835,5.3236604,0.33724213,2.848333,22.0875380339301,139.155
MnO3Pb_221.vasp,62.02724,74.13646,15.9994,0.9999999,0.5059644,1.8,2.8400002,1.55,27.207172,9.694474,15.032499,0.8440075,0.8050334,-0.52,1.1101668,0.23697773,0.6483333,3.8,0.9797959,2.0,4.0,1.6,6.0,2.0,2.0,0.0,2.0,2.8,0.0,1.2,0.4,2.0,0.0,0.0,0.0,2.0,1.264911,0.0,2.0,1.0,2.0,0.0,0.0,3.4,1.9595919,7.0,2.0,456.802,571.6226,1519.0,89.0,101.0,101.0,7.35,17.36,2243.8,3.0,0.66332495,5.0,221.0,90.0,3.914633,3.914633,11.997843,8.584766,0.32429883,2.7680635,21.19201449202095,139.978
MnO6SbSr2_87.vasp,44.79344,38.30088,15.9994,1.0450001,0.574652,2.0,2.614,0.95,26.50533,10.677089,11.030276,0.9398165,0.73138857,-0.52,1.1678333,0.21938305,0.6483333,3.6,0.9165151,2.0,4.0,1.3747727,5.0,2.0,2.0,0.0,2.0,2.7,0.0,0.9,0.53851646,2.0,0.0,0.0,0.0,1.5,1.024695,0.0,2.0,0.5,1.5,0.0,0.0,2.8,1.6613247,7.0,2.0,485.15802,547.1211,1519.0,78.4,101.0,101.0,7.35,17.36,2243.8,4.0,0.6480741,10.0,87.0,85.21264,5.7745767,5.7745767,12.989841,5.7261105,0.26832685,2.640715,19.6210311938062,131.665
MnPd3_166.vasp,93.549515,22.29234,54.938046,1.4,0.0,1.4,2.0375,1.55,18.482498,1.6411227,15.63999,0.2916059,0.46858084,-0.52,0.7967709,0.085700445,0.6483333,8.75,2.1650636,5.0,10.0,0.4330127,5.0,5.0,0.5,0.8660254,2.0,0.0,0.0,2.0,0.0,2.0,0.0,0.0,0.0,0.0,0.0,0.0,0.0,1.25,2.1650636,0.0,0.0,4.75,1.299038,7.0,4.0,1750.7876,133.82259,1828.05,66.75,69.0,69.0,7.35,8.56,902.0,2.0,0.7905694,4.0,166.0,18.348106,8.925874,8.925875,15.387151,10.095606,0.09238371,2.8461778,20.311182331456976,130.222
MnRu2Sb_225.vasp,94.70951,24.466354,54.938046,1.3625,0.06495194,1.45,2.0,1.55,16.446499,0.4688399,15.63999,0.6550416,0.67841065,-0.52,0.7000833,0.07518546,0.6483333,2.0,2.1213202,0.0,0.0,0.4330127,5.0,5.0,1.5,0.5,2.0,0.75,0.0,1.75,0.4330127,2.0,0.5,0.5,0.0,0.75,1.299038,0.0,0.0,2.75,1.7853571,0.0,3.0,7.0,1.2247449,8.0,5.0,1909.1951,730.9198,2607.0,68.0,88.0,62.0,7.35,8.17,2563.0,3.0,0.61237246,4.0,225.0,60.0,4.389761,4.389761,14.953662,10.517078,4.656047e-06,2.6881685,38.90685860046311,206.153
MnTe2Zr6_189.vasp,95.27578,20.58949,54.938046,1.4999999,0.07071067,1.55,1.5255555,1.33,14.624444,2.2617989,13.13,0.6690539,0.7554866,-0.52,0.9327777,0.20349415,0.6483333,2.7777777,1.1331154,2.0,2.0,0.31426966,5.0,5.0,2.0,0.0,2.0,0.8888889,0.0,1.7777778,0.4157397,2.0,0.0,0.0,0.0,0.44444445,0.83147943,0.0,0.0,5.888889,3.2810717,0.0,8.0,4.7777777,1.1331154,7.0,4.0,1748.0356,579.41406,2128.0,59.77778,92.0,49.0,7.35,14.02,3421.0,3.0,0.71145827,9.0,189.0,90.00006,7.7496142,7.750023,21.634298,7.3128858,0.17708486,3.002919,16.080191189464426,110.344
Mo2N_166.vasp,68.6289,38.62373,14.0067,1.1833334,0.37712365,1.45,2.4533334,2.16,20.640417,6.336266,16.16,0.47488666,0.38529307,-0.07,0.7266666,0.068353646,0.63,1.0,1.4142135,0.0,0.0,1.4142135,5.0,5.0,1.3333334,0.4714045,2.0,1.0,0.0,1.6666666,0.4714045,2.0,0.6666667,0.47140452,1.0,1.0,1.4142135,0.0,0.0,3.3333333,2.3570228,0.0,5.0,5.6666665,0.47140452,6.0,5.0,1951.6832,1335.4655,2896.0,70.666664,100.0,56.0,9.38,9.38,4834.64,2.0,0.74535596,3.0,166.0,31.72324,5.271505,5.271505,11.989953,9.504705,5.127900400000001e-16,2.1470406,81.31267228171771,322.389
Mo4N4_194.vasp,54.97335,40.966652,14.0067,1.05,0.40000004,1.45,2.6,2.16,22.880625,6.720625,16.16,0.338665,0.408665,-0.07,0.7025,0.07249999,0.63,1.5,1.5,0.0,0.0,1.5,5.0,2.0,1.5,0.5,2.0,1.5,0.0,1.5,0.5,2.0,0.5,0.5,0.0,1.5,1.5,0.0,0.0,2.5,2.5,0.0,0.0,5.5,0.5,6.0,5.0,1479.525,1416.475,2896.0,78.0,100.0,56.0,9.38,9.38,4834.64,2.0,0.70710677,8.0,194.0,120.000084,2.8494647,11.3982,10.01851,9.111674,0.033380624,2.215428,68.74932196114337,364.959
MoPdTi2_225.vasp,74.5235,26.91278,47.867,1.4125,0.021650666,1.45,1.8599999,1.54,15.685249,2.4057553,13.5755,0.3651403,0.29690453,0.075545,0.8311459,0.03249117,0.775,3.5,3.8405728,0.0,2.0,0.5,5.0,4.0,1.25,0.8291562,2.0,0.0,0.0,2.0,0.0,2.0,0.25,0.4330127,0.0,0.0,0.0,0.0,0.0,5.25,3.269174,0.0,8.0,4.5,0.8660254,6.0,4.0,2151.5125,432.2964,2896.0,56.75,69.0,51.0,8.56,10.64,1676.0,3.0,0.61237246,4.0,225.0,60.0,4.436545,4.436545,15.436885,8.01646,0.0,2.7168179,36.41087203228403,178.668
MoV3_225.vasp,62.191128,19.484922,50.9415,1.375,0.04330128,1.45,1.7625,1.63,15.0155,0.6607774,14.634,0.58257896,0.095119044,0.527662,0.776875,0.0010825307,0.775,2.25,1.299038,0.0,3.0,0.4330127,5.0,4.0,1.75,0.4330127,2.0,0.0,0.0,2.0,0.0,2.0,0.25,0.4330127,0.0,0.0,0.0,0.0,0.0,6.5,0.8660254,5.0,7.0,5.25,0.4330127,6.0,5.0,2361.25,308.73807,2896.0,54.5,56.0,54.0,8.32,8.32,1232.0,2.0,0.7905694,4.0,225.0,60.0,4.276705,4.276705,13.827793,7.4683495,4.5361335e-06,2.6189363,46.44868169247252,210.475
N2Na2Ru2_186.vasp,46.02216,39.09708,14.0067,1.25,0.47081488,1.8,2.0566666,0.93,31.215872,12.5145235,16.76,0.50810295,0.45663035,-0.07,0.817,0.24286759,0.63,1.3333334,1.2472192,0.0,0.0,1.2472192,5.0,2.0,1.3333334,0.47140452,2.0,1.0,0.0,1.0,0.8164966,2.0,0.6666667,0.4714045,1.0,1.0,1.4142135,0.0,0.0,1.0,1.4142135,0.0,0.0,4.6666665,2.867442,8.0,1.0,1013.63995,1133.6624,2607.0,57.666668,100.0,11.0,8.17,8.17,4345.64,3.0,0.57735026,6.0,186.0,119.99999,3.2296698,10.015845,15.079371,5.067956,0.38068908,2.7312639,19.075657493457918,107.934
N2S3Sc4_12.vasp,33.781338,11.974022,14.0067,1.1888889,0.3892855,1.6,2.1399999,1.36,20.046135,6.873026,12.79977,0.7604571,0.9362996,-0.07,0.82666665,0.1051454,0.63,2.4444444,1.3425606,1.0,1.0,0.7856742,4.0,4.0,2.0,0.0,2.0,2.0,0.0,1.4444444,0.496904,2.0,0.0,0.0,0.0,1.3333334,1.2472191,0.0,0.0,4.0,4.472136,0.0,0.0,4.4444447,1.3425606,6.0,3.0,949.68665,782.13824,1814.0,62.0,100.0,19.0,13.54,15.0,3025.64,3.0,0.59835166,9.0,12.0,73.49597,6.321888,9.770627,17.628788,3.1820245,0.26716506,2.6443307,22.55103128209561,109.008
N2ZnZr_156.vasp,46.1616,33.425133,14.0067,1.0500001,0.40620193,1.55,2.2649999,1.33,22.574223,7.23191,13.13,-0.08167775,0.37257695,-0.62,0.75,0.12020816,0.63,4.5,3.2015622,2.0,3.0,1.299038,5.0,2.0,2.0,0.0,2.0,1.5,0.0,1.5,0.5,2.0,0.0,0.0,0.0,1.5,1.5,0.0,0.0,2.0,3.4641016,0.0,0.0,4.0,1.2247449,5.0,2.0,736.695,843.3952,2128.0,81.25,100.0,100.0,9.16,13.54,4604.64,3.0,0.61237246,4.0,156.0,120.000015,3.2812555,5.2822733,12.313215,6.225274,0.09847898,2.142728,44.87463173985114,198.167
N4Sr4_12.vasp,50.81335,36.806652,14.0067,1.325,0.675,2.0,1.995,0.95,20.315763,9.285486,11.030276,-0.008967001,0.061033,-0.07,0.975,0.34500003,0.63,2.5,0.5,2.0,2.0,1.5,5.0,2.0,2.0,0.0,2.0,1.5,0.0,0.5,0.5,1.0,0.0,0.0,0.0,1.5,1.5,0.0,0.0,0.0,0.0,0.0,0.0,3.5,1.5,5.0,2.0,556.525,493.475,1050.0,57.5,100.0,15.0,13.54,13.54,1577.64,2.0,0.70710677,8.0,12.0,90.00148,6.7119155,6.996822,21.53159,3.9187794,0.573819,2.6186929,10.142704353213034,63.316
N4Ti3_139.vasp,28.518255,16.756502,14.0067,0.9714286,0.37115374,1.4,2.3971426,1.54,22.733072,7.93069,13.5755,-0.0076235733,0.0720261,-0.07,0.725,0.10969657,0.63,2.5714285,0.49487168,2.0,3.0,0.98974335,4.0,2.0,2.0,0.0,2.0,1.7142857,0.0,1.4285715,0.49487168,2.0,0.0,0.0,0.0,1.7142857,1.4846148,0.0,3.0,3.4285715,3.9589734,0.0,0.0,4.571429,0.49487165,5.0,4.0,867.8856,929.3443,1941.0,79.0,100.0,100.0,10.64,13.54,3482.64,2.0,0.71428573,7.0,139.0,69.9635,5.131843,5.131843,10.39922,4.553772,0.03398576,2.0823543,57.74997285141859,247.063
Na2O5Zr2_123.vasp,34.269394,30.570642,15.9994,1.0777779,0.5406329,1.8,2.4133334,0.93,32.93759,11.644239,13.13,1.0297731,0.48375577,0.433289,1.148889,0.15947443,0.86,2.8888888,1.2862041,1.0,4.0,1.1967033,5.0,2.0,1.7777778,0.4157397,2.0,2.2222223,0.0,1.0,0.6666667,2.0,0.22222222,0.4157397,0.0,1.1111112,0.993808,0.0,2.0,1.7777778,3.3259175,0.0,0.0,2.2222223,1.0304021,4.0,1.0,585.7489,833.93024,2128.0,69.44444,101.0,101.0,14.02,17.36,4591.8,3.0,0.63828474,9.0,123.0,90.0,4.039611,8.139618,14.758445,3.8558035,0.28317517,2.8564363,23.065490062126827,122.503
Na5Sn2_166.vasp,50.338406,43.241993,22.989769,1.6999999,0.15811384,1.8,1.2242857,0.93,37.95685,14.751254,14.63307,0.7091102,0.25485426,0.54792625,1.0657142,0.1490788,0.83,1.2857143,0.45175394,1.0,1.0,0.9035079,5.0,3.0,1.2857143,0.45175394,2.0,0.5714286,0.0,0.2857143,0.45175397,1.0,0.71428573,0.45175394,1.0,1.1428572,1.8070159,0.0,0.0,0.0,0.0,0.0,0.0,1.8571428,1.3552618,4.0,1.0,409.21573,60.629898,505.08,31.571428,83.0,11.0,16.29,23.78,1719.0,2.0,0.7693093,7.0,166.0,39.257328,8.042354,8.042353,26.773994,3.1220179,0.09214999,3.235477,2.8479223018520745,22.333
NaO2Rh_166.vasp,39.47352,36.733498,15.9994,1.0875,0.5128048,1.8,2.5225,0.93,33.902153,10.397708,18.08,1.1532573,0.37285185,0.54792625,1.10625,0.21252573,0.745,2.25,1.7853571,0.0,4.0,1.2247449,5.0,2.0,1.5,0.5,2.0,2.0,0.0,1.0,0.70710677,2.0,0.5,0.5,0.0,1.0,1.0,0.0,0.0,0.5,0.8660254,0.0,0.0,2.75,1.9202864,6.0,1.0,679.36755,908.50964,2237.0,69.5,101.0,101.0,8.28,17.36,3877.8,3.0,0.61237246,4.0,166.0,33.55069,5.4004226,5.400422,10.712731,6.1186376,0.12109467,2.3532324,37.712494629146015,180.312
NaO3Te_221.vasp,39.717598,44.024525,15.9994,0.9999999,0.5059644,1.8,2.67,0.93,34.249947,9.133956,18.6,1.3804235,0.46069822,0.54792625,1.2466667,0.045215536,1.16,3.4,1.1999999,1.0,4.0,1.1661904,5.0,2.0,1.8,0.4,2.0,3.2,0.0,0.8,0.40000004,1.0,0.2,0.40000004,0.0,1.6,0.8000001,0.0,2.0,0.0,0.0,0.0,0.0,2.6,1.7435595,6.0,1.0,251.58603,265.44812,722.66,81.2,101.0,101.0,17.36,17.36,1170.8,3.0,0.66332495,5.0,221.0,90.0,4.066369,4.066369,13.447772,4.9043527,0.33686903,2.8753572,28.07495268345109,136.881
NaSrTl2_225.vasp,129.84409,77.96298,22.989769,1.9,0.0707107,2.0,1.28,0.93,24.79331,13.54128,11.030276,0.31002468,0.17559966,0.052066,1.28625,0.07306891,1.16,1.25,0.4330127,1.0,1.0,1.2247449,6.0,6.0,1.75,0.4330127,2.0,0.5,0.0,0.5,0.5,1.0,0.25,0.4330127,0.0,2.5,2.5,0.0,0.0,0.0,0.0,0.0,0.0,2.25,0.8291562,3.0,1.0,643.7175,249.20558,1050.0,45.5,78.0,78.0,17.22,17.22,590.0,3.0,0.61237246,4.0,225.0,60.0,5.6335254,5.6335254,31.605726,6.8219028,3.1401849000000005e-16,3.4498158,2.2146065062230744,21.509
Nb2Ni4_227.vasp,70.097725,16.128153,58.6934,1.3833333,0.047140464,1.45,1.8066667,1.6,16.885893,1.8143601,14.32,1.0772432,0.11302125,0.917407,0.7666667,0.037712354,0.74,5.3333335,3.771236,0.0,8.0,0.4714045,5.0,4.0,1.6666666,0.47140452,2.0,0.0,0.0,2.0,0.0,2.0,0.33333334,0.47140452,0.0,0.0,0.0,0.0,0.0,3.3333333,1.885618,2.0,2.0,4.3333335,0.4714045,5.0,4.0,2068.6667,481.77542,2750.0,62.333332,67.0,67.0,6.59,6.59,1831.0,2.0,0.74535596,6.0,227.0,60.0,4.792732,4.792732,12.974275,8.9716015,0.19498336,2.809988,36.57248050533365,210.715
Nb5S2Se2_12.vasp,76.28687,24.281862,32.065,1.2833333,0.19293064,1.45,2.028889,1.6,17.851973,4.0128894,14.32,1.4202726,0.5625362,0.917407,0.8762963,0.077051274,0.82,1.7777778,1.9876161,0.0,0.0,0.81649655,5.0,5.0,1.4444444,0.496904,2.0,1.7777778,0.0,1.5555556,0.496904,2.0,0.5555556,0.496904,1.0,0.8888889,0.99380803,0.0,0.0,3.3333333,2.981424,0.0,6.0,5.4444447,0.496904,6.0,5.0,1723.8578,1147.8021,2750.0,71.0,94.0,53.0,10.83,10.83,4299.13,3.0,0.63828474,9.0,12.0,27.735914,7.1019974,9.581533,18.272535,6.932664,0.078174464,2.7181394,24.72234952902464,150.393
Nb6PdPt_200.vasp,107.36778,33.447395,92.90638,1.4312501,0.034798544,1.45,1.76,1.6,15.4887495,2.0359855,14.32,1.023961,0.43213394,0.5621412,0.82140625,0.010596237,0.805,1.25,3.3071892,0.0,0.0,0.3307189,6.0,5.0,0.875,0.3307189,1.0,0.0,0.0,2.0,0.0,2.0,0.875,0.3307189,1.0,0.0,0.0,0.0,0.0,4.625,2.3946555,0.0,6.0,5.0,0.5,6.0,4.0,2546.1812,357.03098,2750.0,56.875,69.0,53.0,8.56,10.83,1781.0,3.0,0.77055174,8.0,200.0,90.0,5.200667,5.200667,17.582764,10.139953,0.14050189,2.911186,29.555558096851087,189.841
NbO6Sn2Ti_225.vasp,47.418972,42.61134,15.9994,0.93500006,0.410518,1.45,2.77,1.54,26.788837,10.208581,13.5755,1.1983725,0.4205652,0.075545,1.0891666,0.20935516,0.82,3.0,1.3416407,0.0,4.0,1.3747727,5.0,2.0,1.9,0.29999998,2.0,2.8,0.0,1.2,0.4,2.0,0.1,0.29999998,0.0,2.0,1.264911,0.0,2.0,1.4,2.8354893,0.0,0.0,2.9,1.1357816,5.0,2.0,602.996,906.7618,2750.0,87.6,101.0,101.0,10.64,17.36,4926.8,4.0,0.6480741,10.0,225.0,60.0,5.687988,5.687988,13.012507,6.0511827,0.33969712,2.8440702,27.489194096468264,169.162
Ni2P4Rb4_63.vasp,58.3153,24.371206,30.973763,1.6099999,0.6175758,2.35,1.5860001,0.82,22.457378,3.9884992,18.168839,0.72444165,0.2457713,0.4859162,1.032,0.5174321,0.55,3.2,2.5612497,1.0,1.0,0.8944272,5.0,3.0,1.6,0.48989797,2.0,1.2,0.0,0.8,0.74833155,2.0,0.4,0.489898,0.0,1.2,1.4696939,0.0,0.0,0.4,0.8,0.0,0.0,3.2,1.8330302,5.0,1.0,597.50397,565.25214,1728.0,53.0,90.0,9.0,6.59,17.02,2636.0,3.0,0.6,10.0,63.0,129.22948,7.779892,5.734984,26.888565,3.601339,0.57532686,3.4077213,6.548418192409185,45.55
Ni3Se4_12.vasp,70.27431,10.029365,58.6934,1.2357143,0.09897435,1.35,2.2757144,1.91,19.898645,1.4980559,18.168839,1.6505574,0.4272937,1.1571612,0.8961905,0.1352649,0.74,5.714286,1.9794867,4.0,4.0,0.0,4.0,4.0,2.0,0.0,2.0,2.2857144,0.0,1.4285715,0.49487168,2.0,0.0,0.0,0.0,1.1428572,0.9897433,0.0,2.0,0.85714287,0.98974335,0.0,0.0,5.142857,0.98974335,6.0,4.0,1022.8571,610.67163,1728.0,81.85714,93.0,93.0,6.59,16.42,2228.0,2.0,0.71428573,7.0,12.0,89.99999,6.1442413,6.349559,16.6082,7.0262427,0.034089234,2.459574,17.567956252179773,115.618
Ni4Sb2Zr2_194.vasp,82.5927,26.224653,58.6934,1.4250001,0.0829156,1.55,1.8,1.33,16.523418,2.0579495,13.13,0.9487532,0.3009579,0.433289,0.7925,0.05356071,0.74,5.25,2.772634,2.0,8.0,0.5,5.0,4.0,2.0,0.0,2.0,0.75,0.0,1.75,0.4330127,2.0,0.0,0.0,0.0,0.75,1.299038,0.0,0.0,3.0,3.0,0.0,2.0,4.25,0.4330127,5.0,4.0,1621.9451,445.63098,2128.0,67.75,88.0,67.0,6.59,6.59,2822.0,3.0,0.61237246,8.0,194.0,120.00001,4.1937823,8.297176,15.797291,8.681767,0.08111117,2.7359846,24.005269933912896,159.87
NiPdTi2_25.vasp,65.21185,24.198603,47.867,1.3875,0.021650614,1.4,1.7974999,1.54,16.18746,2.6497455,13.5755,0.4675981,0.44492894,0.075545,0.82239586,0.04762263,0.74,5.5,3.5707142,2.0,2.0,0.4330127,5.0,4.0,1.5,0.8660254,2.0,0.0,0.0,2.0,0.0,2.0,0.0,0.0,0.0,0.0,0.0,0.0,0.0,4.5,3.5707142,0.0,8.0,4.0,0.0,4.0,4.0,1859.5125,88.8339,1941.0,59.5,69.0,51.0,6.59,10.64,374.0,3.0,0.61237246,4.0,25.0,90.0,4.454056,4.775382,14.752172,7.340399,0.004360037,2.672841,30.566853751853166,155.564
NiSn3Sr_107.vasp,100.48868,24.118448,58.6934,1.54,0.23323804,2.0,1.7479999,0.95,14.619665,2.257471,11.030276,0.90908754,0.4288665,0.052066,0.90999997,0.20794234,0.74,3.2,2.4,2.0,2.0,0.39999998,5.0,5.0,2.0,0.0,2.0,1.2,0.0,1.0,0.6324555,2.0,0.0,0.0,0.0,2.4,1.9595917,0.0,4.0,0.4,0.8000001,0.0,0.0,3.6,0.8,4.0,2.0,858.6481,483.20172,1728.0,66.2,83.0,83.0,6.59,16.29,1531.0,3.0,0.66332495,5.0,107.0,90.000015,4.7445073,6.4083376,24.581308,6.7883034,0.36438802,3.438657,9.331998220694508,63.774
NSr2_166.vasp,63.082233,34.701645,14.0067,1.5500001,0.6363961,2.0,1.6466666,0.95,17.220602,8.754441,11.030276,0.011377332,0.05754247,-0.07,1.09,0.32526913,0.63,2.3333333,0.4714045,2.0,2.0,1.4142135,5.0,5.0,2.0,0.0,2.0,1.0,0.0,0.33333334,0.4714045,1.0,0.0,0.0,0.0,1.0,1.4142135,0.0,0.0,0.0,0.0,0.0,0.0,3.0,1.4142135,5.0,2.0,721.01666,465.25272,1050.0,43.333332,100.0,15.0,13.54,33.94,1577.64,2.0,0.74535596,3.0,166.0,30.328646,7.3414135,7.341414,29.803688,3.514683,5.733167e-16,2.604142,8.932097485938877,42.736
O3PtRb_221.vasp,65.70999,70.059166,15.9994,1.0999999,0.68920237,2.35,2.684,0.82,30.24258,6.581848,18.56,1.3988674,0.52393156,0.4859162,1.249,0.27071017,0.805,2.6,1.7435595,0.0,4.0,1.7435595,6.0,2.0,1.6,0.48989794,2.0,2.4,0.0,1.0,0.6324555,2.0,0.4,0.48989797,0.0,1.2,0.9797959,0.0,2.0,0.2,0.40000004,0.0,0.0,2.6,1.7435595,6.0,1.0,503.65204,775.32294,2041.4,76.0,101.0,101.0,9.09,17.36,4007.8,3.0,0.66332495,5.0,221.0,90.0,4.105072,4.105072,13.83542,7.8865714,0.3400753,2.9027243,15.640914412503536,107.332
O3TaTl_221.vasp,86.66587,86.86511,15.9994,1.03,0.5455272,1.9,2.6880002,1.5,28.398335,8.341563,16.2,1.0052979,0.55824876,0.3200532,1.1865,0.18538877,0.82,3.2,1.1661904,1.0,4.0,1.9595917,6.0,2.0,2.0,0.0,2.0,2.6,0.0,1.2,0.4,2.0,0.0,0.0,0.0,2.2,1.6,0.0,2.0,1.4,2.8,0.0,0.0,2.8,1.1661904,5.0,2.0,806.28,1258.2211,3290.0,86.6,101.0,101.0,10.85,17.36,5640.8,3.0,0.66332495,5.0,221.0,90.0,4.082848,4.082848,13.611928,10.572497,0.33823422,2.8870096,30.39167034896777,187.057
O4Sn4_64.vasp,67.3547,51.355297,15.9994,1.0250001,0.425,1.45,2.7,1.96,24.877094,10.244025,14.63307,1.2865877,0.17451757,1.1120702,1.045,0.215,0.83,3.0,1.0,2.0,2.0,1.5,5.0,2.0,2.0,0.0,2.0,3.0,2.0,1.0,0.0,1.0,0.0,0.0,0.0,3.0,1.0,2.0,2.0,0.0,0.0,0.0,0.0,3.0,1.0,4.0,2.0,279.94,225.13998,505.08,92.0,101.0,83.0,16.29,16.29,2784.8,2.0,0.70710677,8.0,64.0,90.0185,3.8712032,10.22196,19.14856,5.840915,3.1675424e-15,2.2535641,11.071383896486015,79.0
O6Pb2S2_11.vasp,57.452637,75.131775,15.9994,0.9200001,0.4664761,1.8,3.046,2.33,28.746746,8.236921,15.032499,1.3634284,0.5570306,0.3567212,1.1565001,0.14815195,0.88,3.6,0.8,2.0,4.0,1.5491934,6.0,2.0,2.0,0.0,2.0,3.6,2.0,1.0,0.0,1.0,0.0,0.0,0.0,2.4,0.8,2.0,2.0,0.0,0.0,0.0,0.0,3.2,1.6,6.0,2.0,230.674,225.61581,600.61,95.8,101.0,101.0,15.53,17.36,1931.8,3.0,0.66332495,10.0,11.0,90.0,5.407462,6.5079618,15.401303,6.1944337,0.42135924,2.6030076,13.667647599946225,101.95
O6Rh4_167.vasp,50.761837,42.575123,15.9994,0.9000001,0.36742347,1.35,2.9760003,2.28,28.304672,8.348411,18.08,1.33382,0.15589206,1.142892,1.0540001,0.25229743,0.745,2.4,1.9595919,0.0,4.0,1.4696939,5.0,2.0,1.6,0.48989797,2.0,2.4,0.0,1.4,0.48989797,2.0,0.4,0.489898,0.0,1.2,0.97979593,0.0,2.0,0.8,0.979796,0.0,0.0,3.6,1.9595919,6.0,2.0,927.68,1069.0554,2237.0,86.6,101.0,101.0,8.28,17.36,3877.8,2.0,0.7211103,10.0,167.0,55.756035,5.499704,5.499703,10.604827,7.948458,1.3043783e-07,2.0352314,41.26954828559044,255.509
OsV3_225.vasp,85.763626,60.313686,50.9415,1.3375001,0.021650666,1.35,1.7725,1.63,15.2255,1.0245081,14.634,0.6651968,0.23821734,0.527662,0.75137496,0.045249823,0.673,3.75,1.299038,3.0,3.0,0.8660254,6.0,4.0,2.0,0.0,2.0,0.0,0.0,2.0,0.0,2.0,0.0,0.0,0.0,0.0,0.0,0.0,0.0,6.25,1.299038,4.0,7.0,5.75,1.299038,8.0,5.0,2463.75,486.27325,3306.0,56.25,63.0,54.0,8.32,8.32,1605.0,2.0,0.7905694,4.0,225.0,60.0,4.222296,4.222296,13.306723,10.702398,3.4474997e-06,2.5856144,51.84610053267903,257.993
OTi_187.vasp,31.9332,15.9338,15.9994,1.0,0.39999998,1.4,2.49,1.54,24.34831,10.772811,13.5755,0.76832515,0.69278014,0.075545,1.0558333,0.20416665,0.8516667,3.0,1.0,2.0,2.0,1.0,4.0,2.0,2.0,0.0,2.0,2.0,0.0,1.5,0.5,2.0,0.0,0.0,0.0,1.0,1.0,0.0,0.0,4.0,4.0,0.0,0.0,3.0,1.0,4.0,2.0,997.9,943.10004,1941.0,76.0,101.0,51.0,10.64,10.64,3469.8,2.0,0.70710677,2.0,187.0,120.00004,2.8101587,2.8238487,9.656141,5.4914613,4.440892e-16,2.1507802,75.65112932592558,245.338
P2S6Sn2_148.vasp,49.17575,34.76969,30.973763,1.0899999,0.18,1.45,2.3779998,1.96,20.883238,3.4170403,14.63307,1.6179981,0.5740421,0.7466071,0.804,0.12846789,0.55,3.4,0.8,2.0,4.0,0.8,5.0,3.0,2.0,0.0,2.0,3.4,2.0,1.0,0.0,1.0,0.0,0.0,0.0,2.6,0.8,2.0,2.0,0.0,0.0,0.0,0.0,5.4,0.8,6.0,4.0,397.492,60.42535,505.08,91.0,94.0,94.0,15.53,15.53,2325.0,3.0,0.66332495,10.0,148.0,50.872337,7.856395,7.856395,26.908712,3.03464,0.3600961,2.946518,9.423117091422938,55.292
PbY3_139.vasp,118.479385,51.222866,88.90585,1.8,0.0,1.8,1.4975,1.22,12.925825,1.2162889,12.2236,0.3195203,0.021477949,0.30712,1.060625,0.03572354,1.04,1.25,0.4330127,1.0,1.0,0.4330127,6.0,5.0,2.0,0.0,2.0,0.5,0.0,1.75,0.4330127,2.0,0.0,0.0,0.0,1.0,1.7320508,0.0,0.0,6.75,3.8971143,0.0,9.0,3.25,0.4330127,4.0,3.0,1499.4025,518.9181,1799.0,39.25,82.0,25.0,18.26,19.88,1587.0,2.0,0.7905694,4.0,139.0,63.89554,6.309897,6.309897,29.843885,6.5922933,4.440892e-16,3.3388565,6.8225030588794215,46.768
Pd6Sb2_194.vasp,110.255,6.6424165,106.42,1.4124999,0.021650666,1.45,2.1625,2.05,18.729,1.214168,16.626,0.6834562,0.21012375,0.5621412,0.8421875,0.0070364624,0.83,8.25,3.0310888,3.0,10.0,0.0,5.0,5.0,0.5,0.8660254,2.0,0.75,0.0,1.75,0.4330127,2.0,0.0,0.0,0.0,0.75,1.299038,0.0,0.0,0.0,0.0,0.0,0.0,4.25,0.4330127,5.0,4.0,1596.9825,400.22067,1828.05,73.75,88.0,69.0,8.56,8.56,1376.0,2.0,0.7905694,8.0,194.0,119.999985,5.6987395,4.6368394,16.30123,11.231223,0.0011035821,2.8381963,21.826922221861462,162.517
PdPt_166.vasp,150.752,44.332,106.42,1.375,0.024999976,1.4,2.24,2.2,18.994999,0.43500042,18.56,1.343623,0.78148186,0.5621412,0.825625,0.020624995,0.805,5.0,5.0,0.0,0.0,0.5,6.0,5.0,0.5,0.5,1.0,0.0,0.0,2.0,0.0,2.0,0.5,0.5,0.0,0.0,0.0,0.0,0.0,0.5,0.5,0.0,0.0,5.0,1.0,6.0,4.0,1934.7251,106.67499,2041.4,68.5,69.0,68.0,8.56,8.56,862.0,2.0,0.70710677,2.0,166.0,120.0,2.7668025,4.8320465,15.116692,16.559813,0.0,2.7668025,45.63883638115598,229.601
PPt5Tl_123.vasp,172.96814,58.0577,30.973763,1.3785715,0.24474056,1.9,2.172857,1.62,18.999683,0.71715295,18.56,1.670312,0.72807103,0.3200532,0.8439285,0.21800168,0.55,0.5714286,1.0497812,0.0,0.0,1.0497813,6.0,6.0,1.2857143,0.4517539,2.0,0.5714286,0.0,1.7142857,0.4517539,2.0,0.71428573,0.4517539,1.0,1.1428572,1.884415,0.0,0.0,0.71428573,0.4517539,0.0,1.0,5.428571,1.0497813,6.0,3.0,1585.9001,723.54553,2041.4,72.57143,90.0,68.0,9.09,9.09,3548.0,3.0,0.7423075,7.0,123.0,90.0,3.9756806,7.1537933,16.153301,17.780909,0.169151,2.8112307,27.34291742969996,215.4
Pt2Tc6_194.vasp,122.270996,42.038605,98.0,1.35,0.0,1.35,1.9949999,1.9,16.085,1.4289416,15.26,0.94527626,0.6811744,0.552,0.7575,0.027424138,0.7416667,3.75,2.1650636,0.0,5.0,0.4330127,6.0,5.0,1.75,0.4330127,2.0,0.0,0.0,2.0,0.0,2.0,0.25,0.4330127,0.0,0.0,0.0,0.0,0.0,4.0,1.7320508,1.0,5.0,6.75,0.4330127,7.0,6.0,2332.85,168.26872,2430.0,61.25,68.0,59.0,8.63,8.63,440.0,2.0,0.7905694,8.0,194.0,120.00003,5.5138803,4.372276,14.390053,14.109453,0.06550414,2.7566192,51.149645987691,320.799
PtSeTe_156.vasp,133.88133,47.615032,78.96,1.3000001,0.10801235,1.4,2.3100002,2.1,19.452,1.233302,18.56,2.0388618,0.06427364,1.9708757,1.0372223,0.20007558,0.805,2.6666667,1.8856181,0.0,4.0,0.8164966,6.0,4.0,1.6666666,0.4714045,2.0,2.6666667,0.0,1.3333334,0.4714045,2.0,0.33333334,0.4714045,0.0,1.3333334,0.94280905,0.0,2.0,0.33333334,0.4714045,0.0,0.0,6.0,0.0,6.0,6.0,1086.02,681.97485,2041.4,84.333336,93.0,68.0,9.09,9.09,3140.0,3.0,0.57735026,3.0,156.0,120.00002,3.9076674,5.3424144,23.549519,9.440328,0.028817017,2.649766,17.902381471313166,100.491
PtTa3_221.vasp,184.4819,6.1211214,180.94788,1.4250001,0.04330128,1.45,1.6949999,1.5,16.79,1.0219095,16.2,0.7736162,0.7802824,0.32312,0.81625,0.0064951843,0.805,2.25,1.299038,0.0,3.0,0.0,6.0,6.0,1.75,0.4330127,2.0,0.0,0.0,2.0,0.0,2.0,0.25,0.4330127,0.0,0.0,0.0,0.0,0.0,5.5,2.598076,1.0,7.0,5.25,0.4330127,6.0,5.0,2977.85,540.65967,3290.0,56.0,68.0,52.0,9.09,10.85,1633.0,2.0,0.7905694,4.0,221.0,90.0,4.1027203,4.1027203,17.264566,17.743824,0.0,2.901061,36.84619314855346,229.816
Rh4Sr2_227.vasp,97.81034,7.2056537,87.62,1.5666667,0.30641294,2.0,1.8366666,0.95,15.730092,3.3232718,11.030276,0.7792833,0.51422036,0.052066,0.93666667,0.2710576,0.745,0.6666667,0.94280905,0.0,0.0,0.0,5.0,5.0,1.3333334,0.47140452,2.0,0.0,0.0,1.3333334,0.942809,2.0,0.6666667,0.4714045,1.0,0.0,0.0,0.0,0.0,1.3333334,0.942809,0.0,2.0,4.6666665,1.8856181,6.0,2.0,1841.3334,559.5572,2237.0,48.333332,65.0,65.0,8.28,8.28,2313.0,2.0,0.74535596,6.0,227.0,60.00024,5.44755,5.4475226,19.051798,8.525068,0.22162084,3.1938975,17.9220511040194,117.797
Sb2Ta6_223.vasp,166.15091,25.6291,121.76,1.45,0.0,1.45,1.6375,1.5,16.3065,0.18446285,16.2,0.5041903,0.31362295,0.32312,0.8225,0.004330123,0.82,3.0,0.0,3.0,3.0,0.4330127,6.0,6.0,2.0,0.0,2.0,0.75,0.0,1.75,0.4330127,2.0,0.0,0.0,0.0,0.75,1.299038,0.0,0.0,5.25,3.0310888,0.0,7.0,5.0,0.0,5.0,5.0,2693.445,1033.2635,3290.0,61.0,88.0,52.0,10.85,10.85,3871.0,2.0,0.7905694,8.0,223.0,90.0,5.275098,5.275098,18.348543,15.03662,0.1348057,2.9488695,26.162533514423217,197.961
Sb4V5_87.vasp,82.41639,35.189995,50.9415,1.3944445,0.04969041,1.45,1.8166665,1.63,15.519331,0.9898326,14.634,0.7586572,0.2582605,0.527662,0.8008333,0.026087463,0.7775,3.0,0.0,3.0,3.0,0.496904,5.0,4.0,2.0,0.0,2.0,1.3333334,0.0,1.5555556,0.496904,2.0,0.0,0.0,0.0,1.3333334,1.490712,0.0,0.0,3.8888888,3.478328,0.0,7.0,5.0,0.0,5.0,5.0,1614.4578,635.64954,2183.0,69.111115,88.0,54.0,8.32,8.32,1820.0,2.0,0.71145827,9.0,87.0,76.032364,7.183423,7.185467,18.729803,7.3068376,0.017289963,2.725045,17.810939577474773,121.805
Ta2V4_227.vasp,94.27697,61.28559,50.9415,1.3833333,0.047140464,1.45,1.5866667,1.5,15.156001,0.7382199,14.634,0.45948136,0.09642201,0.32312,0.7916667,0.020034702,0.7775,3.0,0.0,3.0,3.0,0.942809,6.0,4.0,2.0,0.0,2.0,0.0,0.0,2.0,0.0,2.0,0.0,0.0,0.0,0.0,0.0,0.0,0.0,7.0,0.0,7.0,7.0,5.0,0.0,5.0,5.0,2552.0,521.8448,3290.0,53.333332,54.0,54.0,8.32,8.32,2051.0,2.0,0.74535596,6.0,227.0,60.000004,5.025991,5.0259466,14.96206,10.46317,0.2044597,2.9466965,34.214183047694064,205.932
Te2Zr_164.vasp,115.47467,17.14781,91.224,1.4499999,0.07071067,1.55,1.8433332,1.33,16.776667,2.578583,13.13,1.4583468,0.7248253,0.433289,1.1488888,0.20427528,0.86,3.3333333,0.942809,2.0,4.0,0.0,5.0,5.0,2.0,0.0,2.0,2.6666667,0.0,1.3333334,0.4714045,2.0,0.0,0.0,0.0,1.3333334,0.94280905,0.0,2.0,2.6666667,3.771236,0.0,0.0,5.3333335,0.942809,6.0,4.0,1191.1066,662.48364,2128.0,77.666664,92.0,92.0,14.02,20.46,3421.0,2.0,0.74535596,3.0,164.0,120.022064,4.012484,6.977834,32.41359,5.915735,3.6259733000000005e-16,2.9110594,10.625419884973532,56.372
VZn3_221.vasp,61.79212,6.2646093,50.9415,1.35,0.0,1.35,1.645,1.63,17.131792,1.4421012,14.634,-0.33308452,0.49695224,-0.62,0.854375,0.044383813,0.7775,8.25,3.0310888,3.0,10.0,0.0,4.0,4.0,2.0,0.0,2.0,0.0,0.0,2.0,0.0,2.0,0.0,0.0,0.0,0.0,0.0,0.0,0.0,1.75,3.0310888,0.0,0.0,2.75,1.299038,5.0,2.0,1065.26,645.3275,2183.0,70.5,76.0,76.0,8.32,9.16,2500.0,2.0,0.7905694,4.0,221.0,90.0,3.7854815,3.7854815,13.561361,7.56622,0.0,2.6767392,23.56637873979614,134.075
